Rk,Player,Age,Team,Pos,G,GS,MP,TS%,USG%,OWS,DWS,WS,WS/48,OBPM,DBPM,BPM,VORP,VALUE,AAV,ACE
51,Nikola Jokić,30,DEN,C,57,57,1983,0.675,30.7,10.1,3,13.1,0.316,10.2,4.2,14.4,8.2,3.942528519,58.98373984,58983739.84
42,Shai Gilgeous-Alexander,27,OKC,PG,60,60,2003,0.666,33.4,10,3.8,13.8,0.331,8.9,3.1,12,7,3.431891521,57.96747967,57967479.67
152,Luka Dončić,26,LAL,PG,60,60,2153,0.613,38,6.3,2.7,9,0.2,8,1.3,9.3,6.2,2.75436528,56.95121951,56951219.51
72,Victor Wembanyama,22,SAS,C,57,48,1667,0.62,31.9,3.8,4.4,8.2,0.236,5.7,4,9.6,4.9,2.196852052,55.93495935,55934959.35
88,Kawhi Leonard,34,LAC,SF,56,56,1803,0.632,33.8,5.8,2.4,8.2,0.217,7.5,0.8,8.3,4.7,2.13908006,54.91869919,54918699.19
113,Tyrese Maxey,25,PHI,PG,61,61,2334,0.589,29.8,5.5,2.5,7.9,0.163,5.3,0.6,5.9,4.6,1.984121841,53.90243902,53902439.02
65,Cade Cunningham,24,DET,PG,61,61,2096,0.567,30.6,4.3,3.5,7.8,0.178,4.9,1.5,6.5,4.5,1.905020367,52.88617886,52886178.86
69,Kevin Durant,37,HOU,SF,68,68,2480,0.639,27.1,6.2,2.7,8.9,0.172,4,0,4.1,3.8,1.714410235,51.8699187,51869918.7
137,Donovan Mitchell,29,CLE,SG,63,63,2116,0.611,32.5,5.4,2.3,7.6,0.173,5.4,-0.2,5.2,3.9,1.670990241,50.85365854,50853658.54
112,Jamal Murray,28,DEN,PG,68,68,2381,0.613,28.2,6.7,1.5,8.2,0.165,5.2,-1.4,3.8,3.5,1.610655878,49.83739837,49837398.37
6,Jalen Duren,22,DET,C,61,61,1692,0.677,23.7,6,3.3,9.3,0.264,4.4,0.3,4.7,2.9,1.544517286,48.82113821,48821138.21
120,Anthony Edwards,24,MIN,SG,58,58,2061,0.621,31.6,4.2,2.6,6.7,0.157,5,-0.1,4.9,3.6,1.478980944,47.80487805,47804878.05
168,James Harden,36,2TM,PG,62,62,2170,0.611,29.3,5.2,1.8,7,0.154,4.9,-0.8,4.1,3.3,1.430797603,46.78861789,46788617.89
52,Jalen Johnson,24,ATL,SF,63,63,2219,0.583,27.1,3.4,3.4,6.8,0.146,3,1.4,4.4,3.6,1.398571126,45.77235772,45772357.72
93,Jalen Brunson,29,NYK,PG,67,67,2339,0.581,30.4,5.9,2.1,8,0.165,4,-1,3,2.9,1.321302189,44.75609756,44756097.56
205,Kon Knueppel,20,CHO,SF,71,70,2231,0.65,22.3,5.5,2.1,7.6,0.164,3.7,-0.3,3.3,3,1.27510957,43.7398374,43739837.4
67,Chet Holmgren,23,OKC,PF,62,62,1816,0.649,21.9,4,4.2,8.2,0.217,2.3,1.7,4,2.7,1.237978175,42.72357724,42723577.24
195,Derrick White,31,BOS,SG,68,68,2331,0.53,22.9,3.3,3.2,6.5,0.134,2.6,1.1,3.7,3.4,1.216183286,41.70731707,41707317.07
64,Karl-Anthony Towns,30,NYK,C,68,68,2110,0.614,26,4.9,3.7,8.6,0.195,2.4,0.4,2.8,2.6,1.204528608,40.69105691,40691056.91
29,Alperen Şengün,23,HOU,C,62,62,2077,0.564,26.9,3.3,3.1,6.4,0.147,2.5,1.3,3.8,3,1.174658007,39.8699187,39869918.7
100,Deni Avdija,25,POR,SF,57,57,1892,0.598,29.3,3.8,1.9,5.7,0.145,3.8,0.3,4.1,2.9,1.16561658,39.46341463,39463414.63
46,Jaylen Brown,29,BOS,SF,64,64,2189,0.572,36.1,3.3,3,6.3,0.139,3.7,-0.1,3.7,3.1,1.165462353,39.05691057,39056910.57
38,Scottie Barnes,24,TOR,PF,69,69,2346,0.577,23.6,2.7,3.8,6.5,0.134,1.5,2.1,3.6,3.3,1.156812819,38.6504065,38650406.5
197,LaMelo Ball,24,CHO,PG,62,59,1706,0.542,32.1,2.9,2.2,5.1,0.142,4.5,-0.1,4.4,2.8,1.062526057,38.24390244,38243902.44
30,Amen Thompson,23,HOU,PG,69,69,2564,0.586,20.2,5.1,3.2,8.3,0.155,1.4,0.9,2.2,2.7,1.017165377,37.83739837,37837398.37
11,Zion Williamson,25,NOP,PF,56,49,1669,0.643,26.2,4.7,1,5.7,0.165,3.7,-0.5,3.1,2.2,0.965163646,37.43089431,37430894.31
185,Trey Murphy III,25,NOP,SF,64,64,2272,0.614,22.9,4.5,1.6,6.1,0.13,3.1,-0.6,2.5,2.6,0.964405086,37.02439024,37024390.24
124,Mikal Bridges,29,NYK,SF,73,73,2437,0.582,17.4,4.3,3.2,7.4,0.146,1.4,1.5,2.9,3,0.963313729,36.61788618,36617886.18
90,Donovan Clingan,21,POR,C,68,68,1855,0.606,17,4.7,2.9,7.5,0.195,2.6,0.4,3,2.4,0.921725191,36.21138211,36211382.11
229,Collin Gillespie,26,PHO,PG,72,53,2080,0.592,18.9,3.8,2.2,6,0.139,2.5,0.6,3.1,2.7,0.897661728,35.80487805,35804878.05
47,Evan Mobley,24,CLE,PF,57,55,1848,0.593,22.4,3.1,2.7,5.8,0.15,1.8,1.3,3.1,2.4,0.875457593,35.39837398,35398373.98
174,Payton Pritchard,28,BOS,PG,69,49,2243,0.572,21.2,5,2.2,7.2,0.153,2.1,-0.3,1.8,2.1,0.830399015,34.99186992,34991869.92
179,Immanuel Quickley,26,TOR,PG,67,67,2174,0.579,21.2,3.9,2.4,6.3,0.139,1.9,0.4,2.3,2.3,0.818020885,34.58536585,34585365.85
57,Julius Randle,31,MIN,PF,72,72,2375,0.587,26.4,4.3,2.8,7.1,0.143,1.5,0,1.5,2.1,0.817175964,34.17886179,34178861.79
99,De'Aaron Fox,28,SAS,PG,63,63,1971,0.581,25,3.2,2.6,5.7,0.14,1.8,0.5,2.3,2.2,0.790746053,33.77235772,33772357.72
53,LeBron James,41,LAL,SF,51,51,1708,0.592,27,2.7,1.6,4.3,0.121,3,0,3.1,2.2,0.78100685,33.36585366,33365853.66
83,Desmond Bane,27,ORL,SG,72,72,2463,0.606,23.3,4.5,2.2,6.6,0.129,1.6,-0.3,1.3,2,0.719379577,32.95934959,32959349.59
18,Jarrett Allen,27,CLE,C,51,51,1405,0.67,19.5,3.9,2,6,0.204,2.1,0.5,2.6,1.6,0.709548711,32.55284553,32552845.53
111,Josh Hart,30,NYK,SF,58,44,1744,0.606,16.9,2.9,2.7,5.6,0.153,1.1,2.1,3.2,2.3,0.691738387,32.14634146,32146341.46
5,Luke Kornet,30,SAS,C,61,23,1284,0.685,10.5,4.2,2,6.2,0.232,1.6,1.9,3.6,1.8,0.661740351,31.7398374,31739837.4
75,Bam Adebayo,28,MIA,C,63,63,2022,0.552,25.4,2.2,3.2,5.5,0.13,1.5,0.5,1.9,2,0.659855323,31.33333333,31333333.33
167,Michael Porter Jr.,27,BRK,SF,52,52,1689,0.595,30.4,1.8,1.3,3.1,0.088,4.3,-1.3,3,2.1,0.648620306,30.92682927,30926829.27
66,Devin Booker,29,PHO,SG,57,57,1911,0.577,32.1,3.6,1.5,5.2,0.13,2.7,-1.1,1.6,1.7,0.606137916,30.5203252,30520325.2
16,Neemias Queta,26,BOS,C,67,66,1682,0.659,14.7,4.2,3.2,7.3,0.21,0.3,1.8,2.1,1.8,0.590446962,30.11382114,30113821.14
206,Reed Sheppard,21,HOU,SG,71,13,1867,0.56,21.9,2.1,2.6,4.7,0.121,0.9,1.3,2.2,2,0.574328572,29.82783357,29827833.57
201,Cam Spencer,25,MEM,SG,67,17,1595,0.646,17.4,4.4,0.8,5.1,0.154,2.9,-0.7,2.2,1.7,0.573322574,29.58871353,29588713.53
43,Paolo Banchero,23,ORL,PF,62,62,2170,0.571,27.8,2,2.5,4.5,0.1,1.7,-0.1,1.7,2,0.565338254,29.3495935,29349593.5
32,Paul Reed,26,DET,C,54,8,718,0.63,20.4,1.6,1.7,3.3,0.221,1.8,2.6,4.4,1.2,0.546234015,29.11047346,29110473.46
157,OG Anunoby,28,NYK,PF,59,59,1955,0.616,20,2.5,2.9,5.4,0.133,0.7,1.2,1.9,1.9,0.542966523,28.87135342,28871353.42
144,Sandro Mamukelashvili,26,TOR,C,69,13,1509,0.628,18.5,3,2.1,5.1,0.162,1.6,0.6,2.2,1.6,0.531802973,28.63223338,28632233.38
8,Mark Williams,24,PHO,C,56,52,1322,0.67,17.5,3.7,2.1,5.8,0.212,1.4,0.4,1.8,1.3,0.525296662,28.39311334,28393113.34
139,Norman Powell,32,MIA,SG,53,50,1594,0.609,27.4,2.2,1.8,3.9,0.118,2,-0.1,1.9,1.6,0.50786756,28.1539933,28153993.3
60,Stephon Castle,21,SAS,PG,60,59,1781,0.569,25.1,2.2,2.6,4.8,0.13,0.7,0.9,1.6,1.6,0.507833815,27.91487327,27914873.27
3,Mitchell Robinson,27,NYK,C,54,15,1054,0.67,10.5,2.9,2.2,5.1,0.233,1.9,1.3,3.2,1.4,0.493028803,27.67575323,27675753.23
73,Keldon Johnson,26,SAS,SF,72,0,1670,0.625,20.4,3.5,2.2,5.7,0.164,1.4,-0.2,1.2,1.3,0.48396259,27.43663319,27436633.19
76,Kel'el Ware,21,MIA,C,67,32,1507,0.605,18.1,2.5,2.9,5.4,0.171,1.6,0.1,1.8,1.4,0.463884937,27.19751315,27197513.15
70,Nikola Vučević,35,2TM,C,60,49,1740,0.577,21.6,2.6,1.8,4.4,0.122,1.6,0.1,1.6,1.6,0.461569234,26.95839311,26958393.11
243,Isaiah Joe,26,OKC,SG,63,9,1384,0.639,18.1,2.7,2.2,4.9,0.169,1.4,0.5,1.9,1.4,0.447179369,26.71927308,26719273.08
94,Luka Garza,27,BOS,C,61,4,968,0.677,17.1,3.2,1.2,4.4,0.218,1.9,0.2,2.1,1,0.428976819,26.48015304,26480153.04
14,Rudy Gobert,33,MIN,C,69,69,2172,0.674,12.8,4.6,3.6,8.2,0.182,0.3,0.9,1.1,1.7,0.420938674,26.241033,26241033
123,Saddiq Bey,26,NOP,SF,66,58,2051,0.579,21.5,4.2,1,5.2,0.122,2.3,-1.8,0.5,1.3,0.394772936,26.00191296,26001912.96
24,Goga Bitadze,26,ORL,C,54,3,812,0.706,12.8,2.5,1.3,3.8,0.227,1.1,2.2,3.3,1.1,0.391904048,25.76279292,25762792.92
12,Moussa Diabaté,24,CHO,C,64,38,1660,0.652,11.8,4.2,2.4,6.6,0.19,0.5,1,1.5,1.5,0.382330433,25.52367288,25523672.88
125,Miles Bridges,27,CHO,PF,67,67,2107,0.562,22.5,3.1,2.2,5.3,0.121,0.9,-0.3,0.6,1.4,0.373640081,25.28455285,25284552.85
116,Keyonte George,22,UTA,PG,54,54,1786,0.609,28,3.3,0.2,3.4,0.093,3,-2.1,0.9,1.3,0.37334088,25.04543281,25045432.81
22,Ausar Thompson,23,DET,SF,62,61,1596,0.53,17.4,1,3.4,4.4,0.133,-0.9,3.2,2.3,1.7,0.358942068,24.80631277,24806312.77
180,Naz Reid,26,MIN,C,69,2,1795,0.58,21.7,1.4,2.8,4.2,0.111,0.4,1,1.4,1.6,0.350487643,24.56719273,24567192.73
178,Nickeil Alexander-Walker,27,ATL,SG,69,62,2276,0.6,24.1,2.7,2.3,4.9,0.104,1.1,-0.6,0.5,1.4,0.336912088,24.32807269,24328072.69
164,Brandon Miller,23,CHO,SF,55,55,1654,0.57,28.9,1.3,2,3.4,0.098,1.4,-0.1,1.3,1.4,0.332373653,24.08895265,24088952.65
106,Andrew Wiggins,30,MIA,SF,58,58,1785,0.58,20,1.8,2.2,4,0.108,0.8,0.7,1.4,1.5,0.316695543,23.84983262,23849832.62
102,Ayo Dosunmu,26,2TM,SG,63,14,1685,0.632,20.1,3.3,1.1,4.4,0.125,1.3,-0.4,0.8,1.2,0.306844876,23.61071258,23610712.58
40,Tre Jones,26,CHI,PG,54,30,1459,0.627,18.2,3.6,1,4.6,0.151,0.6,0.4,1,1.1,0.306073445,23.37159254,23371592.54
129,Onyeka Okongwu,25,ATL,C,66,55,2045,0.592,19.9,2.4,3,5.3,0.125,0,0.8,0.8,1.4,0.303121135,23.1324725,23132472.5
236,Jaylin Williams,23,OKC,PF,57,11,1147,0.597,15.9,1.2,2.5,3.7,0.154,0,2.5,2.5,1.3,0.30011556,22.89335246,22893352.46
17,Ryan Kalkbrenner,24,CHO,C,59,30,1290,0.752,12,3.1,1.8,4.9,0.183,0.6,1.2,1.8,1.2,0.289839735,22.65423242,22654232.42
20,Nic Claxton,26,BRK,C,64,63,1807,0.588,17.6,3.2,1.5,4.7,0.124,0.4,0.6,1.1,1.4,0.279753978,22.41511239,22415112.39
28,Day'Ron Sharpe,24,BRK,C,62,7,1160,0.638,19.8,2,1.5,3.5,0.145,0.5,0.9,1.4,1,0.274415317,22.17599235,22175992.35
45,Pascal Siakam,31,IND,PF,57,57,1907,0.563,29.8,1.3,1.3,2.6,0.067,2.1,-1,1.1,1.5,0.26463899,21.93687231,21936872.31
27,T.J. McConnell,33,IND,PG,53,4,916,0.554,23.5,1.5,0.7,2.2,0.116,1.7,0.2,1.8,0.9,0.259574288,21.69775227,21697752.27
215,Bones Hyland,25,MIN,PG,63,3,977,0.611,20.3,1.8,1,2.8,0.137,1.3,0.3,1.6,0.9,0.254144435,21.45863223,21458632.23
104,Collin Sexton,27,2TM,SG,57,16,1302,0.618,25.8,2.1,1.1,3.3,0.121,1.1,-0.4,0.7,0.9,0.248273012,21.2195122,21219512.2
39,Cooper Flagg,19,DAL,SF,60,60,2028,0.548,26,0.9,2.2,3.1,0.074,0.6,0.4,1,1.5,0.242021366,20.98039216,20980392.16
71,Gary Payton II,33,GSW,SG,64,1,954,0.616,18.6,1.5,1.3,2.8,0.141,0.6,1.4,1.9,0.9,0.239749131,20.74127212,20741272.12
54,Dylan Harper,19,SAS,SG,59,1,1317,0.563,22,1.6,1.8,3.4,0.123,0,1,1.1,1,0.235792536,20.50215208,20502152.08
34,DeMar DeRozan,36,SAC,PF,72,72,2268,0.593,22.5,4.7,0.4,5.1,0.108,0.7,-0.9,-0.3,1,0.224161399,20.26303204,20263032.04
239,Julian Champagnie,24,SAS,SF,72,58,1998,0.612,15.1,2.4,2.9,5.3,0.128,0.4,0.8,1.2,1.6,0.220192753,20.023912,20023912
77,Tobias Harris,33,DET,PF,54,54,1521,0.561,18.7,1.9,2.3,4.2,0.134,0.1,0.6,0.8,1.1,0.201446285,19.87804878,19878048.78
240,Donte DiVincenzo,29,MIN,SG,72,72,2221,0.573,16.6,2.4,2.6,5,0.109,0.1,0.8,0.9,1.7,0.198568813,19.74254743,19742547.43
108,Dru Smith,28,MIA,SG,67,1,1122,0.534,15.1,1.1,1.9,3.1,0.132,-1.4,3.7,2.3,1.2,0.178817478,19.60704607,19607046.07
33,Dyson Daniels,22,ATL,SG,68,68,2246,0.539,16,2.5,3.1,5.6,0.12,-0.8,1.6,0.8,1.6,0.167522372,19.47154472,19471544.72
150,Jerami Grant,31,POR,PF,55,36,1642,0.607,23.6,2.5,1.2,3.7,0.109,0.9,-1,-0.1,0.8,0.13972165,19.33604336,19336043.36
196,Javonte Green,32,DET,SG,71,5,1259,0.595,14.7,1.5,2.3,3.8,0.145,-0.8,2.3,1.5,1.1,0.138914888,19.20054201,19200542.01
13,Jaxson Hayes,25,LAL,C,60,8,1058,0.746,12.3,3.2,1,4.2,0.188,0.4,0.3,0.7,0.7,0.131469602,19.06504065,19065040.65
183,Jordan Goodwin,27,PHO,PG,63,7,1417,0.515,17.8,1.1,2.1,3.2,0.108,0,1.3,1.2,1.1,0.12976238,18.9295393,18929539.3
165,Thomas Bryant,28,CLE,C,54,0,618,0.626,19,1.3,0.8,2.2,0.168,1.1,-0.4,0.7,0.4,0.122506516,18.79403794,18794037.94
55,Brandon Ingram,28,TOR,SF,68,68,2314,0.568,27.1,1,2.6,3.6,0.075,0.8,-0.6,0.1,1.3,0.119096927,18.65853659,18658536.59
242,Duncan Robinson,31,DET,SF,69,69,1904,0.615,15.5,3.1,2.1,5.2,0.131,0.5,-0.1,0.4,1.2,0.115622788,18.52303523,18523035.23
25,Marvin Bagley III,26,2TM,PF,54,10,1075,0.654,18.4,2.5,0.7,3.2,0.142,1.3,-1.1,0.2,0.6,0.111953619,18.38753388,18387533.88
4,Daniel Gafford,27,DAL,C,51,40,1119,0.684,15.5,2.3,1.6,3.9,0.166,-0.6,1.2,0.6,0.7,0.104305352,18.25203252,18252032.52
135,Jaylon Tyson,23,CLE,SG,64,40,1727,0.614,18.9,2.4,1.6,4.1,0.114,0.7,-0.5,0.2,0.9,0.103696841,18.11653117,18116531.17
87,Craig Porter Jr.,25,CLE,PG,58,2,1024,0.516,12.5,1.1,1.4,2.5,0.116,0,2.2,2.1,1.1,0.090908119,17.98102981,17981029.81
192,Devin Vassell,25,SAS,SG,57,55,1745,0.575,18.2,1.9,2.1,4,0.111,0.1,0.2,0.4,1,0.080884317,17.84552846,17845528.46
101,Karlo Matković,24,NOP,PF,59,2,863,0.716,12.9,1.9,0.8,2.8,0.155,0.6,0.5,1.2,0.7,0.077262275,17.7100271,17710027.1
36,Jaime Jaquez Jr.,24,MIA,SF,65,1,1849,0.56,21.9,1.6,2,3.6,0.094,-0.2,0.3,0.1,1,0.073675206,17.57452575,17574525.75
44,Brandon Williams,26,DAL,PG,60,15,1320,0.569,25.1,1,1.2,2.2,0.081,0.1,0.3,0.4,0.8,0.069562199,17.43902439,17439024.39
199,Anfernee Simons,26,2TM,SG,55,5,1372,0.576,23.6,1.8,1.1,2.9,0.102,1.2,-1.4,-0.2,0.6,0.066590355,17.30352304,17303523.04
107,Bobby Portis,30,MIL,PF,67,9,1619,0.587,23.1,1.6,1.3,2.9,0.086,1.5,-1.6,-0.1,0.8,0.054242199,17.16802168,17168021.68
80,Jock Landale,30,2TM,C,65,26,1429,0.591,18.5,2.6,1.1,3.7,0.124,0.8,-1,-0.2,0.7,0.051578168,17.03252033,17032520.33
23,Jonas Valančiūnas,33,DEN,C,58,5,773,0.621,25.4,1.4,1,2.3,0.146,-0.2,-0.5,-0.7,0.3,0.050102946,16.89701897,16897018.97
126,Ryan Rollins,23,MIL,PG,69,62,2218,0.58,23.7,1.5,1.8,3.3,0.071,0.4,-0.4,0,1.1,0.045007224,16.76151762,16761517.62
78,John Collins,28,LAC,PF,59,49,1625,0.648,19.3,2.4,1.5,3.9,0.116,0.1,-0.4,-0.4,0.7,0.014395447,16.62601626,16626016.26
63,Isaiah Stewart,24,DET,C,55,13,1273,0.626,16.4,1.9,2,3.9,0.148,-1.1,1.1,0,0.6,0.012651994,16.49051491,16490514.91
49,Jordan Miller,26,LAC,SF,51,1,1106,0.621,18.3,2,0.7,2.8,0.12,0.5,-0.6,-0.1,0.5,0.009067586,16.35501355,16355013.55
230,Simone Fontecchio,30,MIA,SF,64,7,1099,0.566,19.5,1.1,1.2,2.3,0.1,0.3,-0.1,0.2,0.6,0.003996249,16.2195122,16219512.2
48,Naji Marshall,28,DAL,SF,69,42,2046,0.601,20.4,2.6,1.7,4.3,0.102,-0.5,0,-0.4,0.8,0.003167456,16.08401084,16084010.84
156,Cason Wallace,22,OKC,SG,69,56,1863,0.528,14.5,0.7,3.9,4.6,0.119,-2.3,3.3,1,1.4,-0.000769159,15.94850949,15948509.49
96,Wendell Carter Jr.,26,ORL,C,68,68,2012,0.616,15.6,3.2,2.4,5.6,0.135,-0.7,0.5,-0.2,0.9,-0.001530733,15.81300813,15813008.13
68,Jaden McDaniels,25,MIN,PF,70,70,2225,0.616,18.2,2.6,2.6,5.2,0.111,-0.9,0.6,-0.3,1,-0.00705906,15.67750678,15677506.78
91,Justin Champagnie,24,WAS,SF,61,17,1181,0.599,16.3,2.2,0.7,2.9,0.119,0.9,-0.9,0,0.6,-0.016036665,15.54200542,15542005.42
148,Brandin Podziemski,22,GSW,SG,72,33,2037,0.563,19.6,1.9,2.2,4,0.095,-0.3,0,-0.2,0.9,-0.022217201,15.40650407,15406504.07
231,Tim Hardaway Jr.,33,DEN,SG,72,5,1939,0.625,18.8,3.2,0.9,4,0.1,1.4,-2,-0.6,0.7,-0.0228018,15.27100271,15271002.71
245,Sam Hauser,28,BOS,PF,68,40,1665,0.571,14.7,2.2,1.9,4,0.117,0.2,0.1,0.3,0.9,-0.036172197,15.13550136,15135501.36
160,Jabari Smith Jr.,22,HOU,PF,67,67,2347,0.569,17.9,3,2.7,5.8,0.118,-0.5,-0.1,-0.6,0.8,-0.039359886,15,15000000
227,Moses Moody,23,GSW,SG,60,49,1540,0.6,18.2,1.7,1.5,3.2,0.099,0.2,-0.3,-0.1,0.7,-0.043447283,14.86449864,14864498.64
187,Jalen Smith,25,CHI,C,52,20,1089,0.609,19.2,1.5,1.2,2.7,0.118,0.3,-0.9,-0.6,0.4,-0.044196669,14.72899729,14728997.29
1,Clint Capela,31,HOU,C,64,2,795,0.537,13.7,1.1,1.4,2.5,0.149,-0.6,0.8,0.2,0.5,-0.044244576,14.59349593,14593495.93
219,Jay Huff,27,IND,C,72,42,1494,0.594,17.9,1.2,1.6,2.7,0.088,-0.9,1.1,0.3,0.9,-0.051116441,14.45799458,14457994.58
203,Luke Kennard,29,2TM,SG,68,1,1421,0.706,13.1,2.7,1.1,3.7,0.126,0.1,0,0.1,0.8,-0.060936162,14.32249322,14322493.22
132,Jordan Walsh,21,BOS,PF,58,20,998,0.636,11.9,1.6,1.6,3.2,0.155,-1.4,1.4,0.1,0.5,-0.064482087,14.18699187,14186991.87
7,Deandre Ayton,27,LAL,C,63,63,1738,0.675,16.5,3.4,1.9,5.3,0.145,-0.1,-0.9,-1,0.4,-0.070231577,14.05149051,14051490.51
244,Royce O'Neale,32,PHO,SF,70,65,2035,0.593,14.4,1.6,2.5,4.1,0.096,-0.3,0.9,0.6,1.3,-0.070621332,13.91598916,13915989.16
218,Harrison Barnes,33,SAS,PF,67,52,1767,0.603,14.9,2.3,1.9,4.2,0.114,-0.1,0.1,0,0.9,-0.080152991,13.7804878,13780487.8
121,Cedric Coward,22,MEM,SG,54,39,1403,0.579,21.3,1.1,1.1,2.2,0.076,0,-0.5,-0.4,0.6,-0.091470661,13.64498645,13644986.45
133,CJ McCollum,34,2TM,PG,67,51,1985,0.568,25.7,1.7,0.7,2.4,0.059,1.3,-2,-0.7,0.6,-0.097724831,13.50948509,13509485.09
105,Andrew Nembhard,26,IND,PG,54,54,1684,0.565,23.9,1.9,0.6,2.5,0.072,1.1,-2.1,-0.9,0.5,-0.100771759,13.37398374,13373983.74
79,Daniss Jenkins,24,DET,PG,61,11,1118,0.519,21.1,0.6,1.6,2.2,0.093,-1.1,0.4,-0.7,0.4,-0.113614195,13.23848238,13238482.38
166,Gui Santos,23,GSW,PF,61,24,1188,0.604,17.9,1,1.4,2.4,0.095,-0.9,0.6,-0.3,0.5,-0.118915438,13.10298103,13102981.03
235,Baylor Scheierman,25,BOS,SG,66,17,1167,0.604,11.1,1.5,1.5,3,0.124,-1.3,1.5,0.2,0.7,-0.121020201,12.96747967,12967479.67
142,Tyler Kolek,24,NYK,PG,58,1,688,0.527,18.4,0.5,0.8,1.3,0.088,-1,0.2,-0.8,0.2,-0.140725968,12.83197832,12831978.32
31,Derik Queen,21,NOP,C,72,45,1765,0.553,21.4,0.6,2,2.6,0.071,-1.3,0.8,-0.5,0.7,-0.163429425,12.69647696,12696476.96
103,Anthony Black,22,ORL,PG,60,40,1841,0.552,22,0.4,2.2,2.6,0.068,-1,0.6,-0.5,0.7,-0.163700535,12.56097561,12560975.61
232,Dean Wade,29,CLE,PF,57,36,1279,0.571,10,1.6,1.4,3,0.112,-0.9,1,0.1,0.7,-0.168170773,12.42547425,12425474.25
15,Isaiah Jackson,24,2TM,C,53,14,871,0.645,16.3,1.3,1.1,2.4,0.134,-2,0.6,-1.4,0.1,-0.179281715,12.2899729,12289972.9
9,Oso Ighodaro,23,PHO,PF,73,19,1603,0.634,12.2,1.8,2.2,4,0.12,-2.3,2.2,-0.1,0.8,-0.187802242,12.15447154,12154471.54
85,Pelle Larsson,24,MIA,SG,61,48,1571,0.602,16.4,2.2,1.5,3.7,0.112,-1.1,0.2,-0.9,0.5,-0.188446372,12.01897019,12018970.19
50,Andre Drummond,32,PHI,C,54,24,1079,0.543,15,1.2,1.6,2.9,0.127,-0.6,-0.4,-1,0.3,-0.191127806,11.88346883,11883468.83
212,Mohamed Diawara,20,NYK,SF,62,6,555,0.569,17.2,0.3,0.6,0.9,0.077,-1.4,0.1,-1.3,0.1,-0.191782424,11.74796748,11747967.48
169,Matas Buzelis,21,CHI,PF,70,70,2039,0.592,22.6,0.7,2,2.7,0.063,-0.4,-0.3,-0.7,0.6,-0.197717727,11.61246612,11612466.12
117,VJ Edgecombe,20,PHI,SG,65,65,2276,0.535,20.3,1.4,2.1,3.6,0.075,-0.5,-0.2,-0.8,0.7,-0.206045037,11.47696477,11476964.77
224,Ja'Kobe Walter,21,TOR,SG,61,12,1173,0.604,14.2,1.4,1.4,2.9,0.117,-1.6,1,-0.6,0.4,-0.213146151,11.34146341,11341463.41
181,Tristan Da Silva,24,ORL,SF,67,30,1650,0.574,16.2,1.1,1.8,2.9,0.085,-0.6,0.2,-0.4,0.7,-0.219595787,11.20596206,11205962.06
222,Quinten Post,25,GSW,PF,66,35,1155,0.561,18.8,0.7,1.3,2,0.081,-1,-0.1,-1.1,0.3,-0.226282844,11.0704607,11070460.7
189,Kevin Huerter,27,2TM,SF,59,11,1298,0.547,18.7,0.7,1.3,2,0.074,-1.2,0.4,-0.8,0.4,-0.22795745,10.93495935,10934959.35
21,Dwight Powell,34,DAL,C,53,8,713,0.704,8.9,1.2,0.8,2.1,0.139,-2.8,1.5,-1.4,0.1,-0.236744032,10.79945799,10799457.99
194,Justin Edwards,22,PHI,SF,55,12,878,0.577,15.9,0.8,0.8,1.6,0.087,-1.6,0.6,-1,0.2,-0.238604314,10.66395664,10663956.64
153,Caris LeVert,31,DET,SG,51,0,991,0.516,18.2,-0.2,1.5,1.3,0.062,-2.1,1.3,-0.8,0.3,-0.258530204,10.52845528,10528455.28
162,Aaron Wiggins,27,OKC,SG,57,19,1289,0.537,20,-0.5,2.4,1.9,0.071,-1.6,0.7,-0.9,0.3,-0.260562726,10.39295393,10392953.93
119,Davion Mitchell,27,MIA,PG,61,61,1727,0.574,13.4,2.3,1.7,3.9,0.11,-1.4,0.8,-0.6,0.6,-0.261436879,10.25745257,10257452.57
81,Jonathan Isaac,28,ORL,PF,52,0,521,0.498,12.4,0.1,0.8,0.9,0.084,-2.8,1.3,-1.6,0.1,-0.265503479,10.12195122,10121951.22
130,Noah Penda,21,ORL,SF,53,2,719,0.518,15.1,0.2,0.9,1.1,0.076,-1.7,0.5,-1.2,0.1,-0.27120056,9.991869919,9991869.919
186,Jared McCain,21,2TM,SG,57,1,1012,0.557,20.6,0.4,1,1.4,0.066,-1.1,-0.7,-1.8,0.1,-0.28624715,9.910569106,9910569.106
204,Myles Turner,29,MIL,C,66,66,1789,0.586,18.6,1.1,1.7,2.8,0.074,-0.9,-0.1,-1,0.4,-0.296037167,9.829268293,9829268.293
200,Corey Kispert,26,2TM,SF,51,9,986,0.604,18.4,1.2,0.4,1.6,0.078,-0.1,-2,-2.1,0,-0.299239268,9.74796748,9747967.48
138,Russell Westbrook,37,SAC,SF,64,58,1853,0.528,25.9,-0.7,0.9,0.3,0.008,0.6,-1.1,-0.5,0.7,-0.299273852,9.666666667,9666666.667
221,Guerschon Yabusele,30,2TM,C,59,12,808,0.55,15.8,0.4,0.9,1.3,0.076,-1.4,-0.2,-1.6,0.1,-0.301586026,9.585365854,9585365.854
159,Malik Monk,27,SAC,SG,56,1,1240,0.563,24.4,0.6,0.1,0.8,0.03,0.7,-2.2,-1.6,0.1,-0.305851618,9.504065041,9504065.041
173,Quentin Grimes,25,PHI,SG,65,18,1956,0.589,19.2,1.8,1.4,3.2,0.079,-0.7,-0.7,-1.4,0.3,-0.319473971,9.422764228,9422764.228
97,Pat Spencer,29,GSW,PG,56,12,987,0.522,18.7,0.5,0.8,1.4,0.066,-1.5,-0.3,-1.8,0,-0.323163284,9.341463415,9341463.415
35,Precious Achiuwa,26,SAC,C,64,48,1480,0.565,16.6,1.6,1,2.7,0.087,-0.6,-0.8,-1.4,0.2,-0.327479972,9.260162602,9260162.602
237,Klay Thompson,35,DAL,SF,62,8,1369,0.547,22.5,-0.2,0.9,0.7,0.024,0.2,-1.5,-1.2,0.3,-0.337404734,9.178861789,9178861.789
95,Nae'Qwan Tomlin,25,CLE,PF,56,2,858,0.531,15.5,0.8,1,1.8,0.1,-2.6,0.4,-2.2,0,-0.340120192,9.097560976,9097560.976
226,Jose Alvarado,27,2TM,PG,62,1,1240,0.542,16.1,1,1,2,0.078,-1.5,0.2,-1.3,0.2,-0.342237078,9.016260163,9016260.163
228,Keon Ellis,26,2TM,SG,63,7,1242,0.572,12.9,0.6,1.1,1.7,0.064,-1.9,1.5,-0.3,0.5,-0.342276792,8.93495935,8934959.35
84,Kyle Filipowski,22,UTA,C,70,34,1606,0.581,19.3,1.3,1.2,2.5,0.074,-1.1,-0.5,-1.6,0.2,-0.344488559,8.853658537,8853658.537
41,Dominick Barlow,22,PHI,PF,61,54,1472,0.595,13.3,1.8,1.4,3.3,0.107,-1.4,0.2,-1.2,0.3,-0.349782913,8.772357724,8772357.724
147,Ryan Dunn,23,PHO,SF,63,14,1232,0.529,13.8,0.7,1.6,2.3,0.089,-2,1.1,-1,0.3,-0.358589962,8.691056911,8691056.911
134,Jabari Walker,23,PHI,PF,59,6,735,0.557,15.1,0.8,0.7,1.5,0.1,-2.2,-0.6,-2.8,-0.2,-0.362236674,8.609756098,8609756.098
128,Mouhamed Gueye,23,ATL,PF,68,7,1060,0.544,12.7,0.7,1.6,2.4,0.107,-2.7,1.2,-1.5,0.1,-0.365651501,8.528455285,8528455.285
214,Ziaire Williams,24,BRK,SF,52,10,1187,0.589,18.1,0.7,0.9,1.6,0.065,-1.9,0.2,-1.7,0.1,-0.367864866,8.447154472,8447154.472
10,Yves Missi,21,NOP,C,60,10,1151,0.551,12.7,1.4,1,2.4,0.101,-1.4,-0.3,-1.6,0.1,-0.375664947,8.365853659,8365853.659
146,Jake LaRavia,24,LAL,PF,72,34,1775,0.571,14.9,1.7,1.7,3.4,0.092,-1.4,0.2,-1.1,0.4,-0.380758081,8.284552846,8284552.846
92,Ron Holland,20,DET,SF,67,5,1344,0.529,18.9,0,2.5,2.5,0.09,-3.2,1.3,-1.9,0,-0.391795247,8.203252033,8203252.033
172,Taylor Hendricks,22,2TM,PF,53,11,983,0.575,16.1,0.5,0.7,1.2,0.06,-1,-0.9,-1.9,0,-0.393394321,8.12195122,8121951.22
208,Will Richard,23,GSW,SG,62,19,1262,0.605,13.6,1.1,1.4,2.5,0.095,-2.4,1,-1.4,0.2,-0.399494729,8.040650407,8040650.407
241,Vít Krejčí,25,2TM,PG,64,8,1387,0.611,14.6,1.5,1.2,2.8,0.096,-1.5,-0.1,-1.6,0.1,-0.405215927,7.959349593,7959349.593
207,Brook Lopez,37,LAC,C,65,30,1358,0.546,17,0.2,1.4,1.6,0.056,-1.7,0.3,-1.3,0.2,-0.415981518,7.87804878,7878048.78
190,Josh Okogie,27,HOU,SG,68,29,1223,0.553,11.3,1,1.4,2.4,0.092,-2.5,1.1,-1.4,0.2,-0.422124722,7.796747967,7796747.967
131,Kris Dunn,31,LAC,PG,72,63,1983,0.589,12.7,1.8,1.9,3.7,0.089,-2.1,1.3,-0.8,0.6,-0.422547513,7.715447154,7715447.154
122,Jaylen Clark,24,MIN,SG,61,0,761,0.53,13.2,0.5,0.9,1.4,0.087,-3.4,0.7,-2.7,-0.1,-0.427243649,7.634146341,7634146.341
234,Egor Dёmin,19,BRK,PG,52,45,1308,0.561,18.8,0.2,0.7,0.9,0.034,-0.8,-0.8,-1.6,0.1,-0.432958737,7.552845528,7552845.528
143,Hugo González,19,BOS,SF,66,3,1009,0.547,11.8,0.4,1.6,2,0.094,-3.4,1.6,-1.9,0,-0.441483303,7.471544715,7471544.715
118,Jarred Vanderbilt,26,LAL,PF,56,3,993,0.542,12.3,0.4,1.2,1.6,0.077,-2.5,0.7,-1.8,0,-0.445670486,7.390243902,7390243.902
86,P.J. Washington,27,DAL,PF,53,50,1648,0.534,20.3,-0.3,2,1.6,0.047,-1.7,0.2,-1.5,0.2,-0.447235586,7.308943089,7308943.089
127,Jordan Clarkson,33,NYK,SG,63,1,1144,0.553,21.2,0.8,1,1.7,0.073,-1.7,-1.5,-3.2,-0.4,-0.456125394,7.227642276,7227642.276
198,Carter Bryant,20,SAS,PF,61,0,660,0.5,17,-0.2,1,0.8,0.057,-3.7,-0.2,-3.9,-0.3,-0.469559883,7.146341463,7146341.463
37,Isaiah Collier,21,UTA,PG,59,19,1517,0.567,20.5,1.5,0.3,1.8,0.057,-0.6,-1.9,-2.5,-0.2,-0.471681536,7.06504065,7065040.65
210,Max Christie,22,DAL,SG,67,58,1974,0.608,16.6,1.3,1.3,2.6,0.063,-0.8,-0.5,-1.4,0.3,-0.477205557,6.983739837,6983739.837
175,Kobe Brown,26,2TM,PF,52,4,720,0.581,15.6,0.4,0.4,0.8,0.053,-1.9,-1.8,-3.6,-0.3,-0.483535794,6.902439024,6902439.024
82,Kyle Kuzma,30,MIL,PF,65,40,1715,0.581,21.6,1,1,2,0.056,-1,-1.3,-2.3,-0.2,-0.491311045,6.821138211,6821138.211
247,Nicolas Batum,37,LAC,PF,66,6,1210,0.597,9.5,0.4,1.1,1.5,0.06,-1.9,0.6,-1.3,0.2,-0.500483355,6.739837398,6739837.398
62,Caleb Martin,30,DAL,SF,58,12,856,0.526,12.6,0,0.9,0.9,0.051,-4,1.7,-2.2,0,-0.502606246,6.658536585,6658536.585
170,Gradey Dick,22,TOR,SG,66,1,1002,0.546,18.2,0.3,1.2,1.5,0.07,-3,-0.3,-3.3,-0.3,-0.504369531,6.577235772,6577235.772
154,Danny Wolf,21,BRK,PF,57,15,1187,0.521,20.6,-0.1,1,0.9,0.035,-2.2,-0.3,-2.5,-0.2,-0.505597948,6.495934959,6495934.959
149,Kentavious Caldwell-Pope,32,MEM,SG,51,14,1088,0.533,17.6,0.2,0.7,0.9,0.041,-2.3,-0.2,-2.5,-0.1,-0.51109462,6.414634146,6414634.146
98,Dennis Schröder,32,2TM,PG,61,16,1509,0.524,21.4,0.5,0.6,1,0.033,-0.9,-1.4,-2.4,-0.1,-0.525975536,6.333333333,6333333.333
19,Adem Bona,22,PHI,C,62,14,1097,0.624,11.2,1.2,1.3,2.5,0.109,-3.2,0.4,-2.9,-0.2,-0.528729152,6.25203252,6252032.52
151,Zaccharie Risacher,20,ATL,SF,58,45,1370,0.554,17.8,0.3,1.6,1.9,0.067,-2.3,-0.3,-2.6,-0.2,-0.549127207,6.170731707,6170731.707
223,Tyus Jones,29,3TM,PG,63,10,931,0.443,10.5,0.2,0.7,1,0.05,-2.9,0.5,-2.4,-0.1,-0.553859223,6.089430894,6089430.894
26,Maxime Raynaud,22,SAC,C,65,47,1675,0.611,18.1,2,0.8,2.8,0.081,-1.3,-1.6,-2.9,-0.4,-0.568451525,6.008130081,6008130.081
177,Brice Sensabaugh,22,UTA,SF,67,15,1528,0.582,24.6,0.8,0.1,0.9,0.03,0,-3.1,-3,-0.4,-0.569855178,5.926829268,5926829.268
225,Toumani Camara,25,POR,PF,73,73,2427,0.571,16.2,1.5,2.1,3.5,0.07,-1.3,-0.3,-1.6,0.3,-0.584676002,5.845528455,5845528.455
2,Jericho Sims,27,MIL,C,56,12,1000,0.819,8.7,1.6,0.6,2.1,0.103,-2.7,-0.9,-3.6,-0.4,-0.586752856,5.764227642,5764227.642
188,Spencer Jones,24,DEN,SF,61,36,1377,0.622,9.8,1.5,1.1,2.6,0.09,-2.4,0,-2.4,-0.1,-0.596420781,5.682926829,5682926.829
217,Draymond Green,35,GSW,PF,59,59,1611,0.533,16.6,-0.6,1.9,1.3,0.038,-2.6,0.9,-1.7,0.1,-0.626761746,5.601626016,5601626.016
141,Rui Hachimura,27,LAL,PF,59,35,1684,0.617,14.8,1.7,0.9,2.6,0.073,-0.9,-1.5,-2.4,-0.2,-0.629695875,5.520325203,5520325.203
182,Jamal Shead,23,TOR,PG,71,8,1565,0.483,15.7,0.5,1.6,2.1,0.064,-2.4,0,-2.5,-0.2,-0.661044984,5.43902439,5439024.39
89,Ryan Nembhard,22,DAL,PG,51,21,956,0.497,17.5,0.1,0.5,0.6,0.029,-2.4,-1.8,-4.2,-0.5,-0.663877387,5.357723577,5357723.577
216,Sion James,23,CHO,SG,72,19,1652,0.549,10.6,1.1,1.6,2.7,0.08,-3,0.9,-2.1,0,-0.672917664,5.276422764,5276422.764
136,Ochai Agbaji,25,2TM,SG,58,13,900,0.526,14.2,0,0.8,0.8,0.043,-3.6,-0.4,-4,-0.5,-0.691063701,5.195121951,5195121.951
176,Jaylen Wells,22,MEM,SG,69,69,1821,0.559,19.3,1,0.9,1.9,0.051,-1.8,-1.3,-3.1,-0.5,-0.733109634,5.113821138,5113821.138
213,Marcus Smart,31,LAL,SG,60,53,1725,0.547,15.3,0.5,1.5,1.9,0.054,-2.8,0.5,-2.4,-0.2,-0.745964412,5.032520325,5032520.325
74,Khris Middleton,34,2TM,SF,54,44,1278,0.538,20.6,0,0.5,0.5,0.019,-2.5,-1.4,-3.9,-0.6,-0.746722729,4.93902439,4939024.39
110,Micah Peavy,24,NOP,SG,52,1,706,0.435,14.8,-0.2,0.4,0.1,0.01,-4.6,-1,-5.6,-0.6,-0.7484759,4.837398374,4837398.374
209,Ben Sheppard,24,IND,SG,60,19,1285,0.556,13.7,0.7,0.5,1.2,0.045,-2.5,-0.7,-3.2,-0.4,-0.762406578,4.735772358,4735772.358
161,Kobe Sanders,23,LAC,SG,59,16,1217,0.582,15.9,0.1,0.8,0.9,0.035,-3.1,-0.5,-3.6,-0.5,-0.766514155,4.634146341,4634146.341
59,Rob Dillingham,21,2TM,PG,54,0,717,0.447,22.6,-1.4,0.8,-0.6,-0.041,-6.4,-0.2,-6.6,-0.8,-0.780894317,4.532520325,4532520.325
220,Noah Clowney,21,BRK,PF,62,56,1695,0.556,20.3,0.1,1,1.2,0.033,-2,-1.3,-3.3,-0.6,-0.788429221,4.430894309,4430894.309
56,Bruce Brown,29,DEN,SG,73,2,1796,0.556,14.2,0.9,1.5,2.5,0.066,-2.6,0,-2.5,-0.3,-0.789177855,4.329268293,4329268.293
233,Luguentz Dort,26,OKC,SF,59,59,1634,0.507,14.1,-0.3,2.7,2.4,0.07,-3.3,0.6,-2.7,-0.3,-0.804671788,4.227642276,4227642.276
115,Terance Mann,29,BRK,SG,59,48,1439,0.561,13.6,1.2,0.5,1.7,0.058,-2.6,-0.8,-3.4,-0.5,-0.812675639,4.12601626,4126016.26
158,Jarace Walker,22,IND,PF,71,36,1832,0.543,20.5,-0.9,1.3,0.4,0.012,-1.9,-0.9,-2.8,-0.4,-0.833803887,4.024390244,4024390.244
184,Walter Clayton,22,2TM,PG,61,4,1212,0.514,18.1,-0.1,0.3,0.3,0.01,-2.6,-1.7,-4.3,-0.7,-0.842377247,3.922764228,3922764.228
140,Ace Bailey,19,UTA,SF,63,52,1705,0.545,20.9,0.3,0.3,0.6,0.016,-1.3,-2.4,-3.7,-0.7,-0.866005946,3.821138211,3821138.211
163,Tre Johnson,19,WAS,SG,56,38,1348,0.542,22.5,-0.4,-0.1,-0.4,-0.015,-1.7,-2.8,-4.5,-0.8,-0.883656867,3.719512195,3719512.195
61,Jeremiah Fears,19,NOP,PG,73,44,1812,0.518,25,-1.3,1.3,0,0,-2.1,-1.3,-3.4,-0.6,-0.905855143,3.617886179,3617886.179
114,Will Riley,19,WAS,SF,63,12,1285,0.547,19.2,0.3,-0.1,0.2,0.007,-2.1,-2.7,-4.8,-0.9,-0.907633958,3.516260163,3516260.163
145,Rayan Rupert,21,2TM,SG,59,4,896,0.484,13.4,-0.5,0.9,0.4,0.021,-5.5,0,-5.5,-0.8,-0.908644796,3.414634146,3414634.146
191,Patrick Williams,24,CHI,PF,61,4,1199,0.506,16.6,-0.8,0.8,0,0.001,-3.2,-1.1,-4.3,-0.7,-0.920061102,3.31300813,3313008.13
155,Isaac Okoro,25,CHI,SG,55,55,1480,0.565,13.6,1.1,0.6,1.7,0.057,-3.2,-1,-4.2,-0.8,-0.961611862,3.211382114,3211382.114
202,Sidy Cissoko,21,POR,SF,66,26,1355,0.521,12.7,0.1,1.1,1.2,0.043,-4.4,0.4,-4,-0.7,-0.962697007,3.109756098,3109756.098
238,Gary Trent Jr.,27,MIL,SG,59,17,1246,0.531,16.3,-0.1,0.2,0.1,0.003,-3.1,-2.2,-5.3,-1,-1.05456002,3.008130081,3008130.081
246,A.J. Green,26,MIL,SG,67,60,1904,0.616,13.5,1.4,0.4,1.7,0.044,-2,-1.7,-3.7,-0.8,-1.082635491,2.906504065,2906504.065
58,Cody Williams,21,UTA,SG,57,31,1278,0.538,14.4,0.2,0.1,0.4,0.013,-3.3,-1.8,-5.1,-1,-1.085982088,2.804878049,2804878.049
171,Drake Powell,20,BRK,SG,54,16,1063,0.535,14.6,-0.3,0.3,0,0.002,-4.6,-1.5,-6,-1.1,-1.090626687,2.703252033,2703252.033
109,Nique Clifford,23,SAC,SG,67,21,1600,0.496,16.3,-1,0.6,-0.4,-0.012,-3.9,-0.9,-4.8,-1.1,-1.271662995,2.601626016,2601626.016
193,Bub Carrington,20,WAS,PG,71,37,1967,0.547,17.4,-0.3,0,-0.3,-0.008,-2.4,-2.2,-4.6,-1.3,-1.362461495,2.5,2500000
