Rk,Player,Age,Team,Pos,G,GS,MP,TS%,USG%,OWS,DWS,WS,WS48,OBPM,DBPM,BPM,VORP,WIN %,VALUE,AAV,ACE
51,Nikola Jokić,30,DEN,C,57,57,1983,0.675,30.7,10.1,3,13.1,0.316,10.2,4.2,14.4,8.2,0.616438356,4.164999168,59.43438914,59434389.14
47,Shai Gilgeous-Alexander,27,OKC,PG,60,60,2003,0.666,33.4,10,3.8,13.8,0.331,8.9,3.1,12,7,0.791666667,3.639246258,58.86877828,58868778.28
30,Luka Dončić,26,LAL,PG,60,60,2153,0.613,38,6.3,2.7,9,0.2,8,1.3,9.3,6.2,0.638888889,2.97663049,58.30316742,58303167.42
106,Victor Wembanyama,22,SAS,C,57,48,1667,0.62,31.9,3.8,4.4,8.2,0.236,5.7,4,9.6,4.9,0.75,2.355974764,57.73755656,57737556.56
75,Kawhi Leonard,34,LAC,SF,56,56,1803,0.632,33.8,5.8,2.4,8.2,0.217,7.5,0.8,8.3,4.7,0.5,2.314556053,57.1719457,57171945.7
11,Tyrese Maxey,25,PHI,PG,61,61,2334,0.589,29.8,5.5,2.5,7.9,0.163,5.3,0.6,5.9,4.6,0.541666667,2.195409508,56.60633484,56606334.84
34,Cade Cunningham,24,DET,PG,61,61,2096,0.567,30.6,4.3,3.5,7.8,0.178,4.9,1.5,6.5,4.5,0.732394366,2.093619166,56.04072398,56040723.98
2,Kevin Durant,37,HOU,SF,68,68,2480,0.639,27.1,6.2,2.7,8.9,0.172,4,0,4.1,3.8,0.605633803,1.924604758,55.47511312,55475113.12
31,Donovan Mitchell,29,CLE,SG,63,63,2116,0.611,32.5,5.4,2.3,7.6,0.173,5.4,-0.2,5.2,3.9,0.625,1.85765412,54.90950226,54909502.26
6,Jamal Murray,28,DEN,PG,68,68,2381,0.613,28.2,6.7,1.5,8.2,0.165,5.2,-1.4,3.8,3.5,0.616438356,1.814211407,54.3438914,54343891.4
97,Jalen Duren,22,DET,C,61,61,1692,0.677,23.7,6,3.3,9.3,0.264,4.4,0.3,4.7,2.9,0.732394366,1.689214903,53.77828054,53778280.54
37,Anthony Edwards,24,MIN,SG,58,58,2061,0.621,31.6,4.2,2.6,6.7,0.157,5,-0.1,4.9,3.6,0.611111111,1.655009295,53.21266968,53212669.68
29,James Harden,36,2TM,PG,62,62,2170,0.611,29.3,5.2,1.8,7,0.154,4.9,-0.8,4.1,3.3,,1.61343733,52.64705882,52647058.82
23,Jalen Johnson,24,ATL,SF,63,63,2219,0.583,27.1,3.4,3.4,6.8,0.146,3,1.4,4.4,3.6,0.555555556,1.580461421,52.08144796,52081447.96
245,Giannis Antetokounmpo,31,MIL,PF,36,36,1039,0.658,37.1,3.9,1.2,5.1,0.236,7.7,1.8,9.4,3,0.408450704,1.572261206,51.5158371,51515837.1
10,Jalen Brunson,29,NYK,PG,67,67,2339,0.581,30.4,5.9,2.1,8,0.165,4,-1,3,2.9,0.657534247,1.509079232,50.95022624,50950226.24
20,Kon Knueppel,20,CHO,SF,71,70,2231,0.65,22.3,5.5,2.1,7.6,0.164,3.7,-0.3,3.3,3,0.527777778,1.457436329,50.38461538,50384615.38
12,Derrick White,31,BOS,SG,68,68,2331,0.53,22.9,3.3,3.2,6.5,0.134,2.6,1.1,3.7,3.4,0.661971831,1.402667386,49.81900452,49819004.52
72,Chet Holmgren,23,OKC,PF,62,62,1816,0.649,21.9,4,4.2,8.2,0.217,2.3,1.7,4,2.7,0.791666667,1.382540699,49.25339367,49253393.67
32,Karl-Anthony Towns,30,NYK,C,68,68,2110,0.614,26,4.9,3.7,8.6,0.195,2.4,0.4,2.8,2.6,0.657534247,1.368631124,48.68778281,48687782.81
36,Alperen Şengün,23,HOU,C,62,62,2077,0.564,26.9,3.3,3.1,6.4,0.147,2.5,1.3,3.8,3,0.605633803,1.339380711,48.12217195,48122171.95
9,Scottie Barnes,24,TOR,PF,69,69,2346,0.577,23.6,2.7,3.8,6.5,0.134,1.5,2.1,3.6,3.3,0.563380282,1.338936144,47.55656109,47556561.09
25,Jaylen Brown,29,BOS,SF,64,64,2189,0.572,36.1,3.3,3,6.3,0.139,3.7,-0.1,3.7,3.1,0.661971831,1.338693346,46.99095023,46990950.23
62,Deni Avdija,25,POR,SF,57,57,1892,0.598,29.3,3.8,1.9,5.7,0.145,3.8,0.3,4.1,2.9,0.493150685,1.32116752,46.42533937,46425339.37
212,Jimmy Butler,36,GSW,SF,38,38,1182,0.646,23.2,4.7,1.2,5.8,0.237,5,0.5,5.5,2.3,0.472222222,1.260270421,45.85972851,45859728.51
1,Amen Thompson,23,HOU,PG,69,69,2564,0.586,20.2,5.1,3.2,8.3,0.155,1.4,0.9,2.2,2.7,0.605633803,1.210522715,45.29411765,45294117.65
94,LaMelo Ball,24,CHO,PG,62,59,1706,0.542,32.1,2.9,2.2,5.1,0.142,4.5,-0.1,4.4,2.8,0.527777778,1.203753448,44.72850679,44728506.79
4,Mikal Bridges,29,NYK,SF,73,73,2437,0.582,17.4,4.3,3.2,7.4,0.146,1.4,1.5,2.9,3,0.657534247,1.152214945,44.16289593,44162895.93
16,Trey Murphy III,25,NOP,SF,64,64,2272,0.614,22.9,4.5,1.6,6.1,0.13,3.1,-0.6,2.5,2.6,0.342465753,1.141770267,43.59728507,43597285.07
105,Zion Williamson,25,NOP,PF,56,49,1669,0.643,26.2,4.7,1,5.7,0.165,3.7,-0.5,3.1,2.2,0.342465753,1.101606761,43.03167421,43031674.21
65,Donovan Clingan,21,POR,C,68,68,1855,0.606,17,4.7,2.9,7.5,0.195,2.6,0.4,3,2.4,0.493150685,1.06975621,42.46606335,42466063.35
35,Collin Gillespie,26,PHO,PG,72,53,2080,0.592,18.9,3.8,2.2,6,0.139,2.5,0.6,3.1,2.7,0.547945205,1.06226076,41.90045249,41900452.49
29,James Harden,36,LAC,PG,44,44,1559,0.598,31.3,3.5,1.3,4.8,0.147,4.8,-1,3.8,2.3,0.5,1.059170535,41.33484163,41334841.63
201,Stephen Curry,37,GSW,PG,39,39,1222,0.636,32.7,2.8,1.1,3.9,0.153,6.3,-1,5.4,2.3,0.472222222,1.055870974,40.76923077,40769230.77
68,Evan Mobley,24,CLE,PF,57,55,1848,0.593,22.4,3.1,2.7,5.8,0.15,1.8,1.3,3.1,2.4,0.625,1.019047691,40.20361991,40203619.91
19,Payton Pritchard,28,BOS,PG,69,49,2243,0.572,21.2,5,2.2,7.2,0.153,2.1,-0.3,1.8,2.1,0.661971831,0.998558314,39.85520362,39855203.62
124,Austin Reaves,27,LAL,SG,46,40,1593,0.643,26.7,4,1.2,5.3,0.158,3.7,-0.6,3,2,0.638888889,0.995694766,39.62895928,39628959.28
7,Julius Randle,31,MIN,PF,72,72,2375,0.587,26.4,4.3,2.8,7.1,0.143,1.5,0,1.5,2.1,0.611111111,0.989002071,39.40271493,39402714.93
26,Immanuel Quickley,26,TOR,PG,67,67,2174,0.579,21.2,3.9,2.4,6.3,0.139,1.9,0.4,2.3,2.3,0.563380282,0.981910619,39.17647059,39176470.59
53,De'Aaron Fox,28,SAS,PG,63,63,1971,0.581,25,3.2,2.6,5.7,0.14,1.8,0.5,2.3,2.2,0.75,0.93948708,38.95022624,38950226.24
93,LeBron James,41,LAL,SF,51,51,1708,0.592,27,2.7,1.6,4.3,0.121,3,0,3.1,2.2,0.638888889,0.915628442,38.7239819,38723981.9
3,Desmond Bane,27,ORL,SG,72,72,2463,0.606,23.3,4.5,2.2,6.6,0.129,1.6,-0.3,1.3,2,0.527777778,0.896598029,38.49773756,38497737.56
86,Josh Hart,30,NYK,SF,58,44,1744,0.606,16.9,2.9,2.7,5.6,0.153,1.1,2.1,3.2,2.3,0.657534247,0.827483192,38.27149321,38271493.21
153,Jarrett Allen,27,CLE,C,51,51,1405,0.67,19.5,3.9,2,6,0.204,2.1,0.5,2.6,1.6,0.625,0.81991204,38.04524887,38045248.87
45,Bam Adebayo,28,MIA,C,63,63,2022,0.552,25.4,2.2,3.2,5.5,0.13,1.5,0.5,1.9,2,0.527777778,0.805761459,37.81900452,37819004.52
246,Joel Embiid,31,PHI,C,33,33,1029,0.606,33.7,2.4,1,3.4,0.16,5,-0.4,4.7,1.7,0.541666667,0.80368185,37.59276018,37592760.18
98,Michael Porter Jr.,27,BRK,SF,52,52,1689,0.595,30.4,1.8,1.3,3.1,0.088,4.3,-1.3,3,2.1,0.236111111,0.781161655,37.36651584,37366515.84
180,Luke Kornet,30,SAS,C,61,23,1284,0.685,10.5,4.2,2,6.2,0.232,1.6,1.9,3.6,1.8,0.75,0.766760623,37.14027149,37140271.49
145,Lauri Markkanen,28,UTA,PF,42,42,1443,0.608,28.2,3.3,0.3,3.7,0.122,4.7,-2.1,2.6,1.6,0.291666667,0.756261101,36.91402715,36914027.15
58,Devin Booker,29,PHO,SG,57,57,1911,0.577,32.1,3.6,1.5,5.2,0.13,2.7,-1.1,1.6,1.7,0.547945205,0.747501314,36.68778281,36687782.81
125,Josh Giddey,23,CHI,PG,49,46,1572,0.566,24.9,1.7,1.6,3.3,0.1,2.4,0.5,3,2,0.408450704,0.725440715,36.46153846,36461538.46
28,Paolo Banchero,23,ORL,PF,62,62,2170,0.571,27.8,2,2.5,4.5,0.1,1.7,-0.1,1.7,2,0.527777778,0.720126342,36.23529412,36235294.12
102,Neemias Queta,26,BOS,C,67,66,1682,0.659,14.7,4.2,3.2,7.3,0.21,0.3,1.8,2.1,1.8,0.661971831,0.717656798,36.00904977,36009049.77
63,Reed Sheppard,21,HOU,SG,71,13,1867,0.56,21.9,2.1,2.6,4.7,0.121,0.9,1.3,2.2,2,0.605633803,0.712105849,35.78280543,35782805.43
122,Cam Spencer,25,MEM,SG,67,17,1595,0.646,17.4,4.4,0.8,5.1,0.154,2.9,-0.7,2.2,1.7,0.338028169,0.700390224,35.55656109,35556561.09
255,Isaiah Hartenstein,27,OKC,C,40,39,998,0.632,16.5,2.2,2.4,4.6,0.222,1,3.1,4.1,1.5,0.791666667,0.685907124,35.33031674,35330316.74
56,OG Anunoby,28,NYK,PF,59,59,1955,0.616,20,2.5,2.9,5.4,0.133,0.7,1.2,1.9,1.9,0.657534247,0.6847504,35.1040724,35104072.4
134,Sandro Mamukelashvili,26,TOR,C,69,13,1509,0.628,18.5,3,2.1,5.1,0.162,1.6,0.6,2.2,1.6,0.563380282,0.647436014,34.87782805,34877828.05
81,Stephon Castle,21,SAS,PG,60,59,1781,0.569,25.1,2.2,2.6,4.8,0.13,0.7,0.9,1.6,1.6,0.75,0.635699963,34.65158371,34651583.71
167,Grayson Allen,30,PHO,SG,45,26,1335,0.572,24,2.3,1.4,3.7,0.133,2.4,0.1,2.4,1.5,0.547945205,0.62903701,34.42533937,34425339.37
123,Norman Powell,32,MIA,SG,53,50,1594,0.609,27.4,2.2,1.8,3.9,0.118,2,-0.1,1.9,1.6,0.527777778,0.627632857,34.19909502,34199095.02
169,Mark Williams,24,PHO,C,56,52,1322,0.67,17.5,3.7,2.1,5.8,0.212,1.4,0.4,1.8,1.3,0.547945205,0.627258332,33.97285068,33972850.68
317,Paul Reed,26,DET,C,54,8,718,0.63,20.4,1.6,1.7,3.3,0.221,1.8,2.6,4.4,1.2,0.732394366,0.607414007,33.74660633,33746606.33
104,Keldon Johnson,26,SAS,SF,72,0,1670,0.625,20.4,3.5,2.2,5.7,0.164,1.4,-0.2,1.2,1.3,0.75,0.606094189,33.52036199,33520361.99
283,Robert Williams,28,POR,C,50,1,852,0.734,13.1,2.1,1.6,3.8,0.212,2.4,2.4,4.8,1.5,0.493150685,0.602995528,33.29411765,33294117.65
87,Nikola Vučević,35,2TM,C,60,49,1740,0.577,21.6,2.6,1.8,4.4,0.122,1.6,0.1,1.6,1.6,,0.590328823,33.0678733,33067873.3
244,Mitchell Robinson,27,NYK,C,54,15,1054,0.67,10.5,2.9,2.2,5.1,0.233,1.9,1.3,3.2,1.4,0.657534247,0.578731031,32.84162896,32841628.96
27,Rudy Gobert,33,MIN,C,69,69,2172,0.674,12.8,4.6,3.6,8.2,0.182,0.3,0.9,1.1,1.7,0.611111111,0.575880301,32.61538462,32615384.62
136,Kel'el Ware,21,MIA,C,67,32,1507,0.605,18.1,2.5,2.9,5.4,0.171,1.6,0.1,1.8,1.4,0.527777778,0.575853645,32.38914027,32389140.27
181,Ajay Mitchell,23,OKC,SG,49,14,1282,0.59,22.4,1.9,2.4,4.3,0.16,0.5,1.6,2.1,1.3,0.791666667,0.561464405,32.16289593,32162895.93
29,James Harden,36,CLE,PG,18,18,611,0.655,24.1,1.6,0.6,2.2,0.171,5,-0.2,4.8,1.1,0.625,0.55837027,31.93665158,31936651.58
157,Isaiah Joe,26,OKC,SG,63,9,1384,0.639,18.1,2.7,2.2,4.9,0.169,1.4,0.5,1.9,1.4,0.791666667,0.552907465,31.71040724,31710407.24
38,Saddiq Bey,26,NOP,SF,66,58,2051,0.579,21.5,4.2,1,5.2,0.122,2.3,-1.8,0.5,1.3,0.342465753,0.542196911,31.4841629,31484162.9
33,Miles Bridges,27,CHO,PF,67,67,2107,0.562,22.5,3.1,2.2,5.3,0.121,0.9,-0.3,0.6,1.4,0.527777778,0.519718816,31.25791855,31257918.55
87,Nikola Vučević,35,CHI,C,48,48,1480,0.585,21.6,2.3,1.4,3.7,0.119,1.9,-0.1,1.8,1.4,0.408450704,0.519372287,31.03167421,31031674.21
274,Franz Wagner,24,ORL,SF,28,26,891,0.591,26.3,1.7,0.9,2.7,0.144,2.9,0,2.9,1.1,0.527777778,0.511546304,30.80542986,30805429.86
263,Luka Garza,27,BOS,C,61,4,968,0.677,17.1,3.2,1.2,4.4,0.218,1.9,0.2,2.1,1,0.661971831,0.507534383,30.57918552,30579185.52
108,Moussa Diabaté,24,CHO,C,64,38,1660,0.652,11.8,4.2,2.4,6.6,0.19,0.5,1,1.5,1.5,0.527777778,0.506843948,30.35294118,30352941.18
79,Keyonte George,22,UTA,PG,54,54,1786,0.609,28,3.3,0.2,3.4,0.093,3,-2.1,0.9,1.3,0.291666667,0.505688695,30.12669683,30126696.83
14,Nickeil Alexander-Walker,27,ATL,SG,69,62,2276,0.6,24.1,2.7,2.3,4.9,0.104,1.1,-0.6,0.5,1.4,0.555555556,0.490929996,29.94144264,29941442.64
77,Naz Reid,26,MIN,C,69,2,1795,0.58,21.7,1.4,2.8,4.2,0.111,0.4,1,1.4,1.6,0.611111111,0.478043054,29.80835773,29808357.73
121,Ausar Thompson,23,DET,SF,62,61,1596,0.53,17.4,1,3.4,4.4,0.133,-0.9,3.2,2.3,1.7,0.732394366,0.473856325,29.67527282,29675272.82
290,Goga Bitadze,26,ORL,C,54,3,812,0.706,12.8,2.5,1.3,3.8,0.227,1.1,2.2,3.3,1.1,0.527777778,0.459850437,29.54218792,29542187.92
189,Jalen Suggs,24,ORL,PG,47,46,1268,0.56,23.4,0.4,1.9,2.3,0.087,0.8,2,2.7,1.5,0.527777778,0.451153224,29.40910301,29409103.01
109,Brandon Miller,23,CHO,SF,55,55,1654,0.57,28.9,1.3,2,3.4,0.098,1.4,-0.1,1.3,1.4,0.527777778,0.451050781,29.2760181,29276018.1
284,Aaron Gordon,30,DEN,PF,31,28,852,0.625,22.7,2.2,0.6,2.8,0.16,3.4,-1.2,2.2,0.9,0.616438356,0.450607723,29.14293319,29142933.19
192,Kevin Porter Jr.,25,MIL,PG,38,36,1261,0.567,24.3,1.5,1.4,2.8,0.108,0.8,1.2,2,1.3,0.408450704,0.444457006,29.00984828,29009848.28
80,Andrew Wiggins,30,MIA,SF,58,58,1785,0.58,20,1.8,2.2,4,0.108,0.8,0.7,1.4,1.5,0.527777778,0.444400725,28.87676338,28876763.38
40,Onyeka Okongwu,25,ATL,C,66,55,2045,0.592,19.9,2.4,3,5.3,0.125,0,0.8,0.8,1.4,0.555555556,0.442755968,28.74367847,28743678.47
99,Ayo Dosunmu,26,2TM,SG,63,14,1685,0.632,20.1,3.3,1.1,4.4,0.125,1.3,-0.4,0.8,1.2,,0.430162316,28.61059356,28610593.56
346,Kristaps Porziņģis,30,2TM,C,25,16,584,0.579,27.7,1.2,0.8,2,0.164,2.5,1.1,3.6,0.8,,0.42364445,28.47750865,28477508.65
141,Tre Jones,26,CHI,PG,54,30,1459,0.627,18.2,3.6,1,4.6,0.151,0.6,0.4,1,1.1,0.408450704,0.415437469,28.34442374,28344423.74
74,Nic Claxton,26,BRK,C,64,63,1807,0.588,17.6,3.2,1.5,4.7,0.124,0.4,0.6,1.1,1.4,0.236111111,0.410801179,28.21133883,28211338.83
187,Jrue Holiday,35,POR,PG,44,42,1274,0.57,23.3,1.7,1.1,2.8,0.104,2.3,-0.7,1.6,1.2,0.493150685,0.409632372,28.07825393,28078253.93
59,Pascal Siakam,31,IND,PF,57,57,1907,0.563,29.8,1.3,1.3,2.6,0.067,2.1,-1,1.1,1.5,0.222222222,0.399743736,27.94516902,27945169.02
302,Tyler Herro,26,MIA,SG,25,20,772,0.608,25.8,1.1,0.8,2,0.123,3,-0.3,2.8,0.9,0.527777778,0.398082881,27.81208411,27812084.11
176,Ryan Kalkbrenner,24,CHO,C,59,30,1290,0.752,12,3.1,1.8,4.9,0.183,0.6,1.2,1.8,1.2,0.527777778,0.388764487,27.6789992,27678999.2
220,Jaylin Williams,23,OKC,PF,57,11,1147,0.597,15.9,1.2,2.5,3.7,0.154,0,2.5,2.5,1.3,0.791666667,0.387925394,27.54591429,27545914.29
44,Cooper Flagg,19,DAL,SF,60,60,2028,0.548,26,0.9,2.2,3.1,0.074,0.6,0.4,1,1.5,0.319444444,0.380154458,27.41282939,27412829.39
17,DeMar DeRozan,36,SAC,PF,72,72,2268,0.593,22.5,4.7,0.4,5.1,0.108,0.7,-0.9,-0.3,1,0.260273973,0.378802796,27.27974448,27279744.48
152,RJ Barrett,25,TOR,SF,47,47,1410,0.593,25.4,1.8,1.6,3.4,0.116,1.5,-0.7,0.9,1,0.563380282,0.378223467,27.14665957,27146659.57
217,Day'Ron Sharpe,24,BRK,C,62,7,1160,0.638,19.8,2,1.5,3.5,0.145,0.5,0.9,1.4,1,0.236111111,0.362912418,27.01357466,27013574.66
48,Julian Champagnie,24,SAS,SF,72,58,1998,0.612,15.1,2.4,2.9,5.3,0.128,0.4,0.8,1.2,1.6,0.75,0.36098361,26.88048975,26880489.75
299,Jalen Williams,24,OKC,SG,27,27,776,0.557,26.6,1,1.5,2.4,0.15,1,1,2,0.8,0.791666667,0.354772462,26.74740484,26747404.84
22,Donte DiVincenzo,29,MIN,SG,72,72,2221,0.573,16.6,2.4,2.6,5,0.109,0.1,0.8,0.9,1.7,0.611111111,0.35253871,26.61431994,26614319.94
174,Collin Sexton,27,2TM,SG,57,16,1302,0.618,25.8,2.1,1.1,3.3,0.121,1.1,-0.4,0.7,0.9,,0.344866529,26.48123503,26481235.03
174,Collin Sexton,27,CHO,SG,42,12,938,0.619,25.7,1.9,0.9,2.7,0.139,1.6,-0.4,1.2,0.7,0.527777778,0.337178376,26.34815012,26348150.12
346,Kristaps Porziņģis,30,ATL,C,17,12,413,0.592,26.4,1,0.5,1.5,0.176,2.7,0.9,3.6,0.6,0.555555556,0.335411487,26.21506521,26215065.21
269,T.J. McConnell,33,IND,PG,53,4,916,0.554,23.5,1.5,0.7,2.2,0.116,1.7,0.2,1.8,0.9,0.222222222,0.33413625,26.0819803,26081980.3
262,Bones Hyland,25,MIN,PG,63,3,977,0.611,20.3,1.8,1,2.8,0.137,1.3,0.3,1.6,0.9,0.611111111,0.332128562,25.9488954,25948895.4
171,Dylan Harper,19,SAS,SG,59,1,1317,0.563,22,1.6,1.8,3.4,0.123,0,1,1.1,1,0.75,0.332112725,25.81581049,25815810.49
18,Dyson Daniels,22,ATL,SG,68,68,2246,0.539,16,2.5,3.1,5.6,0.12,-0.8,1.6,0.8,1.6,0.555555556,0.319825775,25.68272558,25682725.58
207,Santi Aldama,25,MEM,PF,43,11,1198,0.572,20.1,1.4,1.1,2.5,0.101,1.3,0.5,1.7,1.1,0.338028169,0.31926575,25.54964067,25549640.67
265,Gary Payton II,33,GSW,SG,64,1,954,0.616,18.6,1.5,1.3,2.8,0.141,0.6,1.4,1.9,0.9,0.472222222,0.315144272,25.41655576,25416555.76
132,Tobias Harris,33,DET,PF,54,54,1521,0.561,18.7,1.9,2.3,4.2,0.134,0.1,0.6,0.8,1.1,0.732394366,0.310109183,25.28347085,25283470.85
99,Ayo Dosunmu,26,CHI,SG,45,10,1187,0.636,21,2.4,0.6,3.1,0.123,1.7,-0.9,0.8,0.8,0.408450704,0.298040401,25.15038595,25150385.95
159,Anfernee Simons,26,BOS,SG,49,0,1202,0.579,23.6,1.9,1.1,3,0.118,1.5,-1.1,0.5,0.8,0.661971831,0.27593786,25.01730104,25017301.04
13,Brandon Ingram,28,TOR,SF,68,68,2314,0.568,27.1,1,2.6,3.6,0.075,0.8,-0.6,0.1,1.3,0.563380282,0.268751478,24.88421613,24884216.13
224,Dru Smith,28,MIA,SG,67,1,1122,0.534,15.1,1.1,1.9,3.1,0.132,-1.4,3.7,2.3,1.2,0.527777778,0.264048059,24.75113122,24751131.22
338,Anthony Davis,32,DAL,PF,20,20,626,0.551,27.5,0.4,1,1.4,0.107,1.5,0.9,2.4,0.7,0.319444444,0.263174516,24.61804631,24618046.31
313,Josh Minott,23,2TM,SF,44,11,724,0.66,15.7,1.2,1.1,2.2,0.149,1.2,1.3,2.5,0.8,,0.255533176,24.48496141,24484961.41
113,Jerami Grant,31,POR,PF,55,36,1642,0.607,23.6,2.5,1.2,3.7,0.109,0.9,-1,-0.1,0.8,0.493150685,0.254573937,24.3518765,24351876.5
60,Duncan Robinson,31,DET,SF,69,69,1904,0.615,15.5,3.1,2.1,5.2,0.131,0.5,-0.1,0.4,1.2,0.732394366,0.249147894,24.21879159,24218791.59
261,Miles McBride,25,NYK,SG,35,14,981,0.592,17.7,1.7,1,2.7,0.131,1.2,0.1,1.4,0.8,0.657534247,0.244669582,24.08570668,24085706.68
272,Jakob Poeltl,30,TOR,C,35,33,897,0.7,14.5,2,1.3,3.3,0.179,0.2,1.3,1.5,0.8,0.563380282,0.241329116,23.95262177,23952621.77
144,Ivica Zubac,28,LAC,C,43,42,1328,0.635,19,2.6,1.4,4,0.145,0.9,-0.8,0.1,0.7,0.5,0.240764726,23.81953686,23819536.86
151,Jordan Goodwin,27,PHO,PG,63,7,1417,0.515,17.8,1.1,2.1,3.2,0.108,0,1.3,1.2,1.1,0.547945205,0.231945993,23.68645196,23686451.96
193,Javonte Green,32,DET,SG,71,5,1259,0.595,14.7,1.5,2.3,3.8,0.145,-0.8,2.3,1.5,1.1,0.732394366,0.231794714,23.55336705,23553367.05
205,Sam Merrill,29,CLE,SG,46,34,1210,0.663,16.9,2.7,0.8,3.5,0.137,1.5,-1,0.6,0.8,0.625,0.226737843,23.42028214,23420282.14
89,Jaylon Tyson,23,CLE,SG,64,40,1727,0.614,18.9,2.4,1.6,4.1,0.114,0.7,-0.5,0.2,0.9,0.625,0.223517437,23.28719723,23287197.23
243,Jaxson Hayes,25,LAL,C,60,8,1058,0.746,12.3,3.2,1,4.2,0.188,0.4,0.3,0.7,0.7,0.638888889,0.213637108,23.15411232,23154112.32
182,Alex Sarr,20,WAS,C,47,47,1282,0.546,25.8,0.8,0.9,1.7,0.065,1.1,-0.1,0.9,0.9,0.225352113,0.20247946,23.02102742,23021027.42
85,Devin Vassell,25,SAS,SG,57,55,1745,0.575,18.2,1.9,2.1,4,0.111,0.1,0.2,0.4,1,0.75,0.200892207,22.88794251,22887942.51
67,Jaime Jaquez Jr.,24,MIA,SF,65,1,1849,0.56,21.9,1.6,2,3.6,0.094,-0.2,0.3,0.1,1,0.527777778,0.198010198,22.7548576,22754857.6
237,Marvin Bagley III,26,2TM,PF,54,10,1075,0.654,18.4,2.5,0.7,3.2,0.142,1.3,-1.1,0.2,0.6,,0.194921159,22.62177269,22621772.69
144,Ivica Zubac,28,2TM,C,48,47,1446,0.622,19.3,2.7,1.5,4.2,0.139,0.7,-1,-0.3,0.6,,0.193113252,22.48868778,22488687.78
237,Marvin Bagley III,26,WAS,PF,38,8,731,0.667,19,1.9,0.3,2.2,0.143,1.9,-1.1,0.8,0.5,0.225352113,0.192015343,22.35560287,22355602.87
24,Ryan Rollins,23,MIL,PG,69,62,2218,0.58,23.7,1.5,1.8,3.3,0.071,0.4,-0.4,0,1.1,0.408450704,0.189453117,22.22251797,22222517.97
225,Daniel Gafford,27,DAL,C,51,40,1119,0.684,15.5,2.3,1.6,3.9,0.166,-0.6,1.2,0.6,0.7,0.319444444,0.187655117,22.08943306,22089433.06
270,Alex Caruso,31,OKC,SG,49,0,902,0.538,15.9,0.3,2,2.3,0.124,-1.3,3.5,2.1,0.9,0.791666667,0.181925683,21.95634815,21956348.15
238,Darius Garland,26,2TM,PG,36,34,1067,0.589,27.1,1.7,0.7,2.3,0.106,2.4,-2.5,-0.1,0.5,,0.180494955,21.82326324,21823263.24
266,Al Horford,39,GSW,C,43,12,933,0.554,16.5,0.8,1.3,2.1,0.109,0.3,1.4,1.8,0.9,0.472222222,0.178651979,21.69017833,21690178.33
341,Thomas Bryant,28,CLE,C,54,0,618,0.626,19,1.3,0.8,2.2,0.168,1.1,-0.4,0.7,0.4,0.625,0.174918779,21.55709343,21557093.43
247,Craig Porter Jr.,25,CLE,PG,58,2,1024,0.516,12.5,1.1,1.4,2.5,0.116,0,2.2,2.1,1.1,0.625,0.171965307,21.42400852,21424008.52
325,Javon Small,23,MEM,PG,35,7,682,0.609,18.9,1.3,0.5,1.8,0.125,1.6,-0.5,1.2,0.5,0.338028169,0.167641563,21.29092361,21290923.61
116,Bobby Portis,30,MIL,PF,67,9,1619,0.587,23.1,1.6,1.3,2.9,0.086,1.5,-1.6,-0.1,0.8,0.408450704,0.167392743,21.1578387,21157838.7
313,Josh Minott,23,BOS,PF,33,10,526,0.651,13.8,1.1,0.8,1.9,0.173,0.8,1.3,2.1,0.6,0.661971831,0.166813754,21.02475379,21024753.79
159,Anfernee Simons,26,2TM,SG,55,5,1372,0.576,23.6,1.8,1.1,2.9,0.102,1.2,-1.4,-0.2,0.6,,0.164727093,20.89166888,20891668.88
170,Brandon Williams,26,DAL,PG,60,15,1320,0.569,25.1,1,1.2,2.2,0.081,0.1,0.3,0.4,0.8,0.319444444,0.164573159,20.75858398,20758583.98
149,Jock Landale,30,2TM,C,65,26,1429,0.591,18.5,2.6,1.1,3.7,0.124,0.8,-1,-0.2,0.7,,0.154811103,20.62549907,20625499.07
307,Kenrich Williams,31,OKC,PF,48,2,747,0.596,17.6,0.9,1.4,2.2,0.143,0.3,0.7,1,0.6,0.791666667,0.1542959,20.49241416,20492414.16
279,Karlo Matković,24,NOP,PF,59,2,863,0.716,12.9,1.9,0.8,2.8,0.155,0.6,0.5,1.2,0.7,0.342465753,0.147189228,20.35932925,20359329.25
288,Paul George,35,PHI,PF,27,27,824,0.556,22.1,0.7,1,1.7,0.096,0.5,0.4,0.9,0.6,0.541666667,0.145490092,20.22624434,20226244.34
39,Naji Marshall,28,DAL,SF,69,42,2046,0.601,20.4,2.6,1.7,4.3,0.102,-0.5,0,-0.4,0.8,0.319444444,0.136960522,20.09315944,20093159.44
21,Jaden McDaniels,25,MIN,PF,70,70,2225,0.616,18.2,2.6,2.6,5.2,0.111,-0.9,0.6,-0.3,1,0.611111111,0.136845591,19.97737557,19977375.57
46,Wendell Carter Jr.,26,ORL,C,68,68,2012,0.616,15.6,3.2,2.4,5.6,0.135,-0.7,0.5,-0.2,0.9,0.527777778,0.132216593,19.90196078,19901960.78
115,John Collins,28,LAC,PF,59,49,1625,0.648,19.3,2.4,1.5,3.9,0.116,0.1,-0.4,-0.4,0.7,0.5,0.126435351,19.826546,19826546
64,Cason Wallace,22,OKC,SG,69,56,1863,0.528,14.5,0.7,3.9,4.6,0.119,-2.3,3.3,1,1.4,0.791666667,0.123131772,19.75113122,19751131.22
233,Jusuf Nurkić,31,UTA,C,41,36,1083,0.548,19.4,0.5,1.1,1.6,0.072,-0.4,1.6,1.2,0.9,0.291666667,0.117462776,19.67571644,19675716.44
42,Brandin Podziemski,22,GSW,SG,72,33,2037,0.563,19.6,1.9,2.2,4,0.095,-0.3,0,-0.2,0.9,0.472222222,0.110929082,19.60030166,19600301.66
301,Jonas Valančiūnas,33,DEN,C,58,5,773,0.621,25.4,1.4,1,2.3,0.146,-0.2,-0.5,-0.7,0.3,0.616438356,0.11088603,19.52488688,19524886.88
57,Tim Hardaway Jr.,33,DEN,SG,72,5,1939,0.625,18.8,3.2,0.9,4,0.1,1.4,-2,-0.6,0.7,0.616438356,0.109300115,19.4494721,19449472.1
8,Jabari Smith Jr.,22,HOU,PF,67,67,2347,0.569,17.9,3,2.7,5.8,0.118,-0.5,-0.1,-0.6,0.8,0.605633803,0.108800613,19.37405732,19374057.32
188,Isaiah Stewart,24,DET,C,55,13,1273,0.626,16.4,1.9,2,3.9,0.148,-1.1,1.1,0,0.6,0.732394366,0.102581236,19.29864253,19298642.53
322,Micah Potter,27,IND,C,37,3,692,0.667,17.1,1.5,0.5,1.9,0.134,1.2,-0.8,0.5,0.4,0.222222222,0.099541832,19.22322775,19223227.75
99,Ayo Dosunmu,26,MIN,SG,18,4,498,0.621,18.1,0.8,0.5,1.3,0.13,0.4,0.6,1,0.4,0.611111111,0.098766987,19.14781297,19147812.97
149,Jock Landale,30,MEM,C,45,25,1060,0.594,18.6,2,0.7,2.7,0.122,1,-1.2,-0.2,0.5,0.338028169,0.0976942,19.07239819,19072398.19
49,CJ McCollum,34,ATL,PG,32,16,903,0.561,27.1,0.6,0.8,1.4,0.076,1.3,-1.1,0.2,0.5,0.555555556,0.094497835,18.99698341,18996983.41
227,Jordan Miller,26,LAC,SF,51,1,1106,0.621,18.3,2,0.7,2.8,0.12,0.5,-0.6,-0.1,0.5,0.5,0.092138325,18.92156863,18921568.63
240,Collin Murray-Boyles,20,TOR,PF,48,22,1063,0.605,14.6,1.5,1.5,3.1,0.138,-0.8,1.5,0.7,0.7,0.563380282,0.087090004,18.84615385,18846153.85
228,Simone Fontecchio,30,MIA,SF,64,7,1099,0.566,19.5,1.1,1.2,2.3,0.1,0.3,-0.1,0.2,0.6,0.527777778,0.086050548,18.77073906,18770739.06
195,Keon Ellis,26,CLE,SG,20,2,484,0.642,11.6,0.6,0.7,1.3,0.127,-0.3,2.6,2.3,0.5,0.625,0.085450535,18.69532428,18695324.28
351,Domantas Sabonis,29,SAC,C,19,15,564,0.59,23.1,0.7,0.4,1.1,0.094,0.7,-0.2,0.5,0.4,0.260273973,0.085415274,18.6199095,18619909.5
107,Sam Hauser,28,BOS,PF,68,40,1665,0.571,14.7,2.2,1.9,4,0.117,0.2,0.1,0.3,0.9,0.661971831,0.079819966,18.54449472,18544494.72
213,Justin Champagnie,24,WAS,SF,61,17,1181,0.599,16.3,2.2,0.7,2.9,0.119,0.9,-0.9,0,0.6,0.225352113,0.072852441,18.46907994,18469079.94
43,Royce O'Neale,32,PHO,SF,70,65,2035,0.593,14.4,1.6,2.5,4.1,0.096,-0.3,0.9,0.6,1.3,0.547945205,0.066928947,18.39366516,18393665.16
128,Moses Moody,23,GSW,SG,60,49,1540,0.6,18.2,1.7,1.5,3.2,0.099,0.2,-0.3,-0.1,0.7,0.472222222,0.063530214,18.31825038,18318250.38
137,Jay Huff,27,IND,C,72,42,1494,0.594,17.9,1.2,1.6,2.7,0.088,-0.9,1.1,0.3,0.9,0.222222222,0.053799116,18.2428356,18242835.6
150,Luke Kennard,29,ATL,SG,46,0,944,0.713,12.7,1.8,0.8,2.7,0.136,0.2,0.3,0.5,0.6,0.555555556,0.048883147,18.16742081,18167420.81
292,John Konchar,29,MEM,SG,30,1,435,0.619,8.7,0.4,0.6,1.1,0.116,-1.2,3.6,2.3,0.5,0.338028169,0.046347907,18.09200603,18092006.03
88,Deandre Ayton,27,LAL,C,63,63,1738,0.675,16.5,3.4,1.9,5.3,0.145,-0.1,-0.9,-1,0.4,0.638888889,0.045500702,18.01659125,18016591.25
150,Luke Kennard,29,2TM,SG,68,1,1421,0.706,13.1,2.7,1.1,3.7,0.126,0.1,0,0.1,0.8,,0.042846071,17.94117647,17941176.47
83,Harrison Barnes,33,SAS,PF,67,52,1767,0.603,14.9,2.3,1.9,4.2,0.114,-0.1,0.1,0,0.9,0.75,0.041109686,17.86576169,17865761.69
229,Derrick Jones Jr.,28,LAC,SF,40,35,1099,0.62,15.7,1.7,0.9,2.6,0.114,0.2,0,0.2,0.6,0.5,0.038786737,17.79034691,17790346.91
231,Jalen Smith,25,CHI,C,52,20,1089,0.609,19.2,1.5,1.2,2.7,0.118,0.3,-0.9,-0.6,0.4,0.408450704,0.036183794,17.71493213,17714932.13
355,Grant Williams,27,CHO,PF,28,3,543,0.606,14.2,0.8,0.6,1.4,0.125,0.2,0.8,1,0.4,0.527777778,0.033179136,17.63951735,17639517.35
49,CJ McCollum,34,2TM,PG,67,51,1985,0.568,25.7,1.7,0.7,2.4,0.059,1.3,-2,-0.7,0.6,,0.031847632,17.56410256,17564102.56
295,Clint Capela,31,HOU,C,64,2,795,0.537,13.7,1.1,1.4,2.5,0.149,-0.6,0.8,0.2,0.5,0.605633803,0.018794342,17.48868778,17488687.78
101,Andrew Nembhard,26,IND,PG,54,54,1684,0.565,23.9,1.9,0.6,2.5,0.072,1.1,-2.1,-0.9,0.5,0.222222222,0.013631014,17.413273,17413273
328,Jaden Ivey,23,2TM,SG,37,5,670,0.571,19.7,0.5,0.8,1.3,0.097,-0.2,0.1,0,0.3,,0.013489978,17.33785822,17337858.22
254,Jordan Walsh,21,BOS,PF,58,20,998,0.636,11.9,1.6,1.6,3.2,0.155,-1.4,1.4,0.1,0.5,0.661971831,0.009850248,17.26244344,17262443.44
328,Jaden Ivey,23,DET,SG,33,2,555,0.57,20.3,0.4,0.7,1.1,0.093,-0.1,0,-0.1,0.3,0.732394366,0.00784256,17.18702866,17187028.66
154,Cedric Coward,22,MEM,SG,54,39,1403,0.579,21.3,1.1,1.1,2.2,0.076,0,-0.5,-0.4,0.6,0.338028169,0.006997882,17.11161388,17111613.88
352,Jamaree Bouyea,26,PHO,PG,39,0,558,0.529,17.8,0.4,0.7,1.1,0.097,-1.1,1.3,0.3,0.3,0.547945205,-0.004918591,17.0361991,17036199.1
343,Kevin Love,37,UTA,PF,37,5,613,0.568,16.7,0.8,0.4,1.2,0.092,1.1,-0.9,0.2,0.3,0.291666667,-0.006439331,16.96078431,16960784.31
242,Landry Shamet,28,NYK,SG,46,12,1059,0.602,15.9,1.5,1,2.5,0.111,-0.3,0.2,-0.1,0.5,0.657534247,-0.00947599,16.88536953,16885369.53
291,Guerschon Yabusele,30,CHI,C,18,12,442,0.586,16.6,0.4,0.4,0.8,0.092,0.1,0.2,0.2,0.3,0.408450704,-0.018943584,16.80995475,16809954.75
369,Trayce Jackson-Davis,25,GSW,C,36,1,411,0.601,14.7,0.7,0.5,1.2,0.139,-1,0.6,-0.3,0.2,0.472222222,-0.030637723,16.73453997,16734539.97
208,Gui Santos,23,GSW,PF,61,24,1188,0.604,17.9,1,1.4,2.4,0.095,-0.9,0.6,-0.3,0.5,0.472222222,-0.033788318,16.65912519,16659125.19
226,Daniss Jenkins,24,DET,PG,61,11,1118,0.519,21.1,0.6,1.6,2.2,0.093,-1.1,0.4,-0.7,0.4,0.732394366,-0.033934858,16.58371041,16583710.41
216,Baylor Scheierman,25,BOS,SG,66,17,1167,0.604,11.1,1.5,1.5,3,0.124,-1.3,1.5,0.2,0.7,0.661971831,-0.035122244,16.50829563,16508295.63
369,Trayce Jackson-Davis,25,2TM,C,47,1,467,0.573,15.1,0.7,0.6,1.3,0.136,-0.8,0.3,-0.5,0.2,,-0.038200037,16.43288084,16432880.84
260,Taylor Hendricks,22,MEM,PF,20,5,491,0.576,18.7,0.3,0.6,0.9,0.083,-0.3,-0.1,-0.3,0.2,0.338028169,-0.040170055,16.35746606,16357466.06
69,Anthony Black,22,ORL,PG,60,40,1841,0.552,22,0.4,2.2,2.6,0.068,-1,0.6,-0.5,0.7,0.527777778,-0.046295236,16.28205128,16282051.28
84,Derik Queen,21,NOP,C,72,45,1765,0.553,21.4,0.6,2,2.6,0.071,-1.3,0.8,-0.5,0.7,0.342465753,-0.049198904,16.2066365,16206636.5
238,Darius Garland,26,CLE,PG,26,26,792,0.567,25.7,0.9,0.5,1.4,0.087,0.9,-2.5,-1.6,0.1,0.625,-0.05588324,16.13122172,16131221.72
385,Leonard Miller,22,2TM,SF,35,6,411,0.636,17.4,0.6,0.4,0.9,0.11,-0.7,-0.4,-1.1,0.1,,-0.062915548,16.05580694,16055806.94
143,Jaren Jackson Jr.,26,2TM,C,48,48,1454,0.576,26.1,0.2,1.5,1.7,0.057,-1.1,0.5,-0.6,0.5,,-0.064277839,15.98039216,15980392.16
15,VJ Edgecombe,20,PHI,SG,65,65,2276,0.535,20.3,1.4,2.1,3.6,0.075,-0.5,-0.2,-0.8,0.7,0.541666667,-0.065586307,15.90497738,15904977.38
41,Matas Buzelis,21,CHI,PF,70,70,2039,0.592,22.6,0.7,2,2.7,0.063,-0.4,-0.3,-0.7,0.6,0.408450704,-0.070803166,15.82956259,15829562.59
311,Steven Adams,32,HOU,C,32,11,730,0.535,12.1,1.1,1,2.1,0.138,-0.2,-0.4,-0.6,0.3,0.605633803,-0.071796716,15.75414781,15754147.81
332,Kyle Anderson,32,UTA,SF,20,0,401,0.565,14.7,0.5,0.2,0.8,0.09,-0.9,0.7,-0.2,0.2,0.291666667,-0.074938017,15.67873303,15678733.03
183,Dean Wade,29,CLE,PF,57,36,1279,0.571,10,1.6,1.4,3,0.112,-0.9,1,0.1,0.7,0.625,-0.075287159,15.60331825,15603318.25
349,Tidjane Salaün,20,CHO,PF,36,0,571,0.632,14.8,0.7,0.8,1.4,0.12,-1,0.4,-0.6,0.2,0.527777778,-0.077676917,15.52790347,15527903.47
150,Luke Kennard,29,LAL,SG,22,1,477,0.694,13.9,0.8,0.2,1.1,0.108,0,-0.4,-0.5,0.2,0.638888889,-0.079081982,15.45248869,15452488.69
119,Oso Ighodaro,23,PHO,PF,73,19,1603,0.634,12.2,1.8,2.2,4,0.12,-2.3,2.2,-0.1,0.8,0.547945205,-0.079296465,15.37707391,15377073.91
126,Pelle Larsson,24,MIA,SG,61,48,1571,0.602,16.4,2.2,1.5,3.7,0.112,-1.1,0.2,-0.9,0.5,0.527777778,-0.082124163,15.30165913,15301659.13
282,Olivier-Maxence Prosper,23,MEM,PF,47,18,856,0.636,17.9,1.2,0.7,1.9,0.107,-0.1,-1.2,-1.2,0.2,0.338028169,-0.083163815,15.22624434,15226244.34
339,Tristan Vukcevic,22,WAS,C,46,9,624,0.594,26.6,0.2,0.3,0.5,0.04,0.2,-1.2,-1,0.2,0.225352113,-0.084587537,15.15082956,15150829.56
324,Tyler Kolek,24,NYK,PG,58,1,688,0.527,18.4,0.5,0.8,1.3,0.088,-1,0.2,-0.8,0.2,0.657534247,-0.08503647,15.07541478,15075414.78
294,Kasparas Jakučionis,19,MIA,PG,45,11,801,0.599,13.5,1,0.9,1.8,0.11,-1.3,1.1,-0.2,0.4,0.527777778,-0.091382212,15,15000000
143,Jaren Jackson Jr.,26,MEM,C,45,45,1382,0.574,25.6,0.1,1.5,1.6,0.056,-1.2,0.4,-0.8,0.4,0.338028169,-0.102056974,14.92458522,14924585.22
332,Kyle Anderson,32,3TM,SF,34,3,659,0.593,13.8,0.8,0.6,1.4,0.099,-1.4,1.2,-0.2,0.3,,-0.103043936,14.84917044,14849170.44
235,Coby White,25,2TM,SG,41,26,1080,0.593,28.2,1,0.7,1.6,0.073,0.2,-1.9,-1.6,0.1,,-0.103119114,14.77375566,14773755.66
293,Josh Green,25,CHO,SG,48,0,802,0.654,10.8,1.1,0.7,1.8,0.11,-1.1,0.9,-0.2,0.4,0.527777778,-0.10494532,14.69834087,14698340.87
292,John Konchar,29,2TM,SG,46,6,808,0.563,8.8,0.6,0.9,1.5,0.091,-2.1,2.7,0.6,0.5,,-0.105029823,14.62292609,14622926.09
111,Tristan Da Silva,24,ORL,SF,67,30,1650,0.574,16.2,1.1,1.8,2.9,0.085,-0.6,0.2,-0.4,0.7,0.527777778,-0.108626459,14.54751131,14547511.31
381,Yanic Konan Niederhäuser,22,LAC,C,41,0,424,0.691,15.7,0.8,0.5,1.3,0.151,-2.5,0.3,-2.2,0,0.5,-0.112865783,14.47209653,14472096.53
236,Andre Drummond,32,PHI,C,54,24,1079,0.543,15,1.2,1.6,2.9,0.127,-0.6,-0.4,-1,0.3,0.541666667,-0.113202347,14.39668175,14396681.75
278,Isaiah Jackson,24,2TM,C,53,14,871,0.645,16.3,1.3,1.1,2.4,0.134,-2,0.6,-1.4,0.1,,-0.114673944,14.32126697,14321266.97
160,Bennedict Mathurin,23,LAC,SF,16,1,481,0.557,29.5,0.4,0.5,0.9,0.088,-1.4,-1.2,-2.5,-0.1,0.5,-0.121582079,14.24585219,14245852.19
375,Asa Newell,20,ATL,PF,40,1,445,0.628,16.9,0.5,0.5,1,0.104,-1.3,-0.5,-1.8,0,0.555555556,-0.124338471,14.17043741,14170437.41
215,Ja'Kobe Walter,21,TOR,SG,61,12,1173,0.604,14.2,1.4,1.4,2.9,0.117,-1.6,1,-0.6,0.4,0.563380282,-0.129778967,14.09502262,14095022.62
131,Peyton Watson,23,DEN,SF,50,39,1522,0.598,20.3,1,1.5,2.5,0.079,-0.7,-0.4,-1.1,0.3,0.616438356,-0.129789722,14.01960784,14019607.84
297,Buddy Hield,33,GSW,SG,44,3,768,0.562,19.6,0.2,0.8,1,0.064,-1,0,-1,0.2,0.472222222,-0.130970322,13.94419306,13944193.06
350,Ja Morant,26,MEM,PG,20,20,569,0.521,32.4,0.1,0.3,0.4,0.034,0.5,-2,-1.5,0.1,0.338028169,-0.137239384,13.86877828,13868778.28
175,Kevin Huerter,27,2TM,SF,59,11,1298,0.547,18.7,0.7,1.3,2,0.074,-1.2,0.4,-0.8,0.4,,-0.138210911,13.7933635,13793363.5
326,Jevon Carter,30,ORL,PG,20,1,426,0.506,17.5,0,0.4,0.4,0.048,-1.4,0.3,-1.1,0.1,0.527777778,-0.140334106,13.71794872,13717948.72
49,CJ McCollum,34,WAS,SG,35,35,1082,0.573,24.4,1.1,-0.1,1,0.045,1.2,-2.7,-1.5,0.1,0.225352113,-0.141379452,13.64253394,13642533.94
353,Mohamed Diawara,20,NYK,SF,62,6,555,0.569,17.2,0.3,0.6,0.9,0.077,-1.4,0.1,-1.3,0.1,0.657534247,-0.144364965,13.56711916,13567119.16
218,Quinten Post,25,GSW,PF,66,35,1155,0.561,18.8,0.7,1.3,2,0.081,-1,-0.1,-1.1,0.3,0.472222222,-0.144445496,13.49170437,13491704.37
90,Davion Mitchell,27,MIA,PG,61,61,1727,0.574,13.4,2.3,1.7,3.9,0.11,-1.4,0.8,-0.6,0.6,0.527777778,-0.146390728,13.41628959,13416289.59
367,Pete Nance,25,MIL,PF,38,0,480,0.677,13.6,0.6,0.3,0.9,0.088,-0.3,-1,-1.3,0.1,0.408450704,-0.155571566,13.34087481,13340874.81
175,Kevin Huerter,27,CHI,SF,44,11,1037,0.559,19.3,0.5,0.9,1.4,0.063,-1.1,0.1,-1,0.3,0.408450704,-0.156171794,13.26546003,13265460.03
326,Jevon Carter,30,2TM,PG,43,1,680,0.535,18.3,0.1,0.6,0.7,0.052,-1.1,0.1,-1.1,0.2,,-0.164788632,13.19004525,13190045.25
199,Zach LaVine,30,SAC,SG,39,37,1224,0.614,23.7,1.2,0,1.3,0.049,0.6,-2.2,-1.6,0.1,0.260273973,-0.168735006,13.11463047,13114630.47
277,Justin Edwards,22,PHI,SF,55,12,878,0.577,15.9,0.8,0.8,1.6,0.087,-1.6,0.6,-1,0.2,0.541666667,-0.17209458,13.03921569,13039215.69
327,Quenton Jackson,27,IND,PG,39,11,678,0.595,20.5,0.7,0.3,1,0.071,-1.1,-1,-2.1,0,0.222222222,-0.175111184,12.9638009,12963800.9
177,Aaron Wiggins,27,OKC,SG,57,19,1289,0.537,20,-0.5,2.4,1.9,0.071,-1.6,0.7,-0.9,0.3,0.791666667,-0.175352967,12.88838612,12888386.12
250,GG Jackson II,21,MEM,PF,48,21,1006,0.589,22.8,0.3,0.9,1.2,0.058,-0.6,-1,-1.6,0.1,0.338028169,-0.176726983,12.81297134,12812971.34
148,Cameron Johnson,29,DEN,SF,47,47,1431,0.619,15,2.2,0.8,3,0.1,-0.2,-0.9,-1.1,0.3,0.616438356,-0.176856086,12.73755656,12737556.56
334,Jonathan Kuminga,23,2TM,PF,28,14,654,0.569,23.7,0.1,0.7,0.8,0.061,-1.5,-0.7,-2.2,0,,-0.177461235,12.66214178,12662141.78
66,Russell Westbrook,37,SAC,SF,64,58,1853,0.528,25.9,-0.7,0.9,0.3,0.008,0.6,-1.1,-0.5,0.7,0.260273973,-0.179845265,12.586727,12586727
319,Dwight Powell,34,DAL,C,53,8,713,0.704,8.9,1.2,0.8,2.1,0.139,-2.8,1.5,-1.4,0.1,0.319444444,-0.180883964,12.51131222,12511312.22
78,Myles Turner,29,MIL,C,66,66,1789,0.586,18.6,1.1,1.7,2.8,0.074,-0.9,-0.1,-1,0.4,0.408450704,-0.181993613,12.43589744,12435897.44
337,Jett Howard,22,ORL,SF,50,0,637,0.553,17.2,0.7,0.5,1.1,0.086,-0.9,-1.1,-2,0,0.527777778,-0.184701347,12.36048265,12360482.65
257,Caris LeVert,31,DET,SG,51,0,991,0.516,18.2,-0.2,1.5,1.3,0.062,-2.1,1.3,-0.8,0.3,0.732394366,-0.187023251,12.28506787,12285067.87
211,Christian Braun,24,DEN,SG,37,37,1183,0.603,14.7,1.8,0.7,2.5,0.099,-0.5,-0.7,-1.2,0.3,0.616438356,-0.191538394,12.20965309,12209653.09
382,Jeremy Sochan,22,2TM,PF,40,0,424,0.549,14.4,0.3,0.6,0.9,0.1,-3,0.8,-2.2,0,,-0.195160009,12.13423831,12134238.31
55,Quentin Grimes,25,PHI,SG,65,18,1956,0.589,19.2,1.8,1.4,3.2,0.079,-0.7,-0.7,-1.4,0.3,0.541666667,-0.197028862,12.05882353,12058823.53
289,Vince Williams Jr.,25,MEM,PG,34,12,736,0.478,19.6,-0.3,0.6,0.3,0.019,-1.5,0.6,-0.9,0.2,0.338028169,-0.203145883,11.98340875,11983408.75
365,Keaton Wallace,26,ATL,PG,49,2,489,0.547,15.7,0.3,0.5,0.8,0.077,-2.3,0.3,-2,0,0.555555556,-0.20346952,11.90799397,11907993.97
259,Corey Kispert,26,ATL,SF,32,7,616,0.581,19.5,0.6,0.4,1,0.076,-0.8,-1.9,-2.7,-0.1,0.555555556,-0.21009892,11.83257919,11832579.19
297,Buddy Hield,33,2TM,SG,49,3,794,0.555,19.7,0,0.8,0.9,0.053,-1.5,-0.1,-1.6,0.1,,-0.21085405,11.7571644,11757164.4
364,D'Angelo Russell,29,DAL,PG,26,3,495,0.511,26.1,-0.3,0.3,0,-0.001,-0.7,-1.6,-2.3,0,0.319444444,-0.212879139,11.68174962,11681749.62
248,Jared McCain,21,2TM,SG,57,1,1012,0.557,20.6,0.4,1,1.4,0.066,-1.1,-0.7,-1.8,0.1,,-0.213229533,11.60633484,11606334.84
308,Ousmane Dieng,22,MIL,C,19,10,449,0.564,17.8,0,0.3,0.3,0.031,-1.4,-0.7,-2.1,0,0.408450704,-0.214240391,11.53092006,11530920.06
316,Noah Penda,21,ORL,SF,53,2,719,0.518,15.1,0.2,0.9,1.1,0.076,-1.7,0.5,-1.2,0.1,0.527777778,-0.214566613,11.45550528,11455505.28
287,Trendon Watford,25,PHI,PF,49,7,834,0.574,17.9,0.6,0.7,1.4,0.078,-2,0.3,-1.8,0.1,0.541666667,-0.215590717,11.3800905,11380090.5
147,Shaedon Sharpe,22,POR,SG,48,42,1439,0.55,30.3,-0.3,1.4,1.2,0.038,-0.3,-1,-1.3,0.3,0.493150685,-0.21612791,11.30467572,11304675.72
196,Malik Monk,27,SAC,SG,56,1,1240,0.563,24.4,0.6,0.1,0.8,0.03,0.7,-2.2,-1.6,0.1,0.260273973,-0.218710912,11.22926094,11229260.94
360,Jonathan Isaac,28,ORL,PF,52,0,521,0.498,12.4,0.1,0.8,0.9,0.084,-2.8,1.3,-1.6,0.1,0.527777778,-0.220876924,11.15384615,11153846.15
259,Corey Kispert,26,2TM,SF,51,9,986,0.604,18.4,1.2,0.4,1.6,0.078,-0.1,-2,-2.1,0,,-0.226149003,11.07843137,11078431.37
138,Precious Achiuwa,26,SAC,C,64,48,1480,0.565,16.6,1.6,1,2.7,0.087,-0.6,-0.8,-1.4,0.2,0.260273973,-0.228350379,11.00301659,11003016.59
357,Jase Richardson,20,ORL,SG,47,0,538,0.577,16.9,0.5,0.4,0.9,0.078,-1.8,-0.9,-2.7,-0.1,0.527777778,-0.233886469,10.92760181,10927601.81
156,Vít Krejčí,25,ATL,PG,46,8,1028,0.639,14.3,1.2,1,2.1,0.1,-1.3,-0.1,-1.4,0.2,0.555555556,-0.234138512,10.85218703,10852187.03
168,Kelly Oubre Jr.,30,PHI,SF,41,36,1330,0.581,18.3,1,1.3,2.2,0.081,-1.1,-0.5,-1.6,0.1,0.541666667,-0.235121963,10.77677225,10776772.25
333,Jalen Green,23,PHO,SG,25,20,656,0.505,32,-0.6,0.7,0.1,0.008,-0.7,-1.2,-1.8,0,0.547945205,-0.235231848,10.70135747,10701357.47
373,Devin Carter,23,SAC,PG,29,3,448,0.499,23.8,-0.2,0.3,0.1,0.011,-2,-0.8,-2.9,-0.1,0.260273973,-0.235397949,10.62594268,10625942.68
289,Vince Williams Jr.,25,2TM,SG,40,12,820,0.478,19.4,-0.4,0.6,0.3,0.016,-1.5,0.5,-1,0.2,,-0.236789529,10.5505279,10550527.9
129,Dillon Brooks,30,PHO,SF,50,50,1530,0.547,29,0.7,1.4,2.1,0.064,-0.7,-1.3,-2,0,0.547945205,-0.238287016,10.47511312,10475113.12
291,Guerschon Yabusele,30,2TM,C,59,12,808,0.55,15.8,0.4,0.9,1.3,0.076,-1.4,-0.2,-1.6,0.1,,-0.239452188,10.39969834,10399698.34
118,Kyle Filipowski,22,UTA,C,70,34,1606,0.581,19.3,1.3,1.2,2.5,0.074,-1.1,-0.5,-1.6,0.2,0.291666667,-0.240390547,10.32428356,10324283.56
155,Kyshawn George,22,WAS,SF,48,48,1391,0.559,22.9,0.2,0.5,0.7,0.025,-0.6,-0.7,-1.2,0.3,0.225352113,-0.241227774,10.24886878,10248868.78
162,Klay Thompson,35,DAL,SF,62,8,1369,0.547,22.5,-0.2,0.9,0.7,0.024,0.2,-1.5,-1.2,0.3,0.319444444,-0.243962268,10.173454,10173454
378,Ariel Hukporti,23,NYK,C,49,4,434,0.608,9.8,0.2,0.7,0.9,0.103,-4.2,1.7,-2.5,-0.1,0.657534247,-0.24787865,10.09803922,10098039.22
380,Moussa Cisse,23,DAL,C,34,1,425,0.567,13.5,0.2,0.7,0.9,0.105,-4,1,-3,-0.1,0.319444444,-0.249149268,10.02262443,10022624.43
140,Dominick Barlow,22,PHI,PF,61,54,1472,0.595,13.3,1.8,1.4,3.3,0.107,-1.4,0.2,-1.2,0.3,0.541666667,-0.250917472,9.968325792,9968325.792
258,Pat Spencer,29,GSW,PG,56,12,987,0.522,18.7,0.5,0.8,1.4,0.066,-1.5,-0.3,-1.8,0,0.472222222,-0.252201045,9.923076923,9923076.923
356,Dalen Terry,23,2TM,SG,46,0,540,0.516,14.6,0.1,0.6,0.7,0.058,-2.5,0.7,-1.8,0,,-0.254158336,9.877828054,9877828.054
195,Keon Ellis,26,2TM,SG,63,7,1242,0.572,12.9,0.6,1.1,1.7,0.064,-1.9,1.5,-0.3,0.5,,-0.254364843,9.832579186,9832579.186
321,Julian Strawther,23,DEN,SG,48,12,701,0.582,19.1,0.5,0.5,1,0.066,-1.7,-1,-2.6,-0.1,0.616438356,-0.256033831,9.787330317,9787330.317
197,Jose Alvarado,27,2TM,PG,62,1,1240,0.542,16.1,1,1,2,0.078,-1.5,0.2,-1.3,0.2,,-0.256447479,9.742081448,9742081.448
186,Tari Eason,24,HOU,PF,49,32,1276,0.51,18.8,0.2,1.9,2.1,0.079,-1.9,0.3,-1.6,0.1,0.605633803,-0.256665585,9.696832579,9696832.579
278,Isaiah Jackson,24,IND,C,38,14,638,0.615,16,0.7,0.7,1.4,0.105,-3.1,0.3,-2.8,-0.1,0.222222222,-0.258919452,9.65158371,9651583.71
314,Dylan Cardwell,24,SAC,C,35,1,722,0.578,11.1,1.1,0.7,1.8,0.12,-2.6,0.4,-2.2,0,0.260273973,-0.25949293,9.606334842,9606334.842
377,Tyrese Proctor,21,CLE,PG,42,1,436,0.53,20.9,0.1,0.4,0.4,0.047,-3.1,-0.6,-3.7,-0.2,0.625,-0.260331341,9.561085973,9561085.973
344,Aaron Holiday,29,HOU,PG,46,1,608,0.559,17.7,0.5,0.5,1,0.079,-2.6,-0.3,-2.9,-0.1,0.605633803,-0.261060279,9.515837104,9515837.104
308,Ousmane Dieng,22,2TM,C,46,10,744,0.553,16.6,0.2,0.7,0.9,0.058,-1.5,-0.4,-1.8,0,,-0.263077178,9.470588235,9470588.235
363,Scoot Henderson,21,POR,PG,21,3,496,0.545,25.9,0,0.4,0.3,0.033,-2.4,-1.2,-3.6,-0.2,0.493150685,-0.263303418,9.425339367,9425339.367
82,Jake LaRavia,24,LAL,PF,72,34,1775,0.571,14.9,1.7,1.7,3.4,0.092,-1.4,0.2,-1.1,0.4,0.638888889,-0.266475682,9.380090498,9380090.498
185,Khris Middleton,34,DAL,SF,20,10,451,0.548,22.5,0,0.3,0.3,0.032,-2.4,-1.3,-3.7,-0.2,0.319444444,-0.266657612,9.334841629,9334841.629
376,Amir Coffey,28,2TM,SG,43,2,437,0.593,11.1,0.6,0.2,0.8,0.088,-2.1,-1,-3.1,-0.1,,-0.26708463,9.28959276,9289592.76
135,Dennis Schröder,32,SAC,PG,40,14,1056,0.531,22.5,0.4,0.2,0.6,0.028,-0.1,-1.9,-1.9,0,0.260273973,-0.27076148,9.244343891,9244343.891
304,Jaden Hardy,23,DAL,SG,34,4,428,0.551,23.4,-0.1,0.2,0.1,0.015,-1.9,-1.9,-3.8,-0.2,0.319444444,-0.27195017,9.199095023,9199095.023
135,Dennis Schröder,32,CLE,PG,21,2,453,0.504,18.8,0,0.4,0.4,0.044,-3,-0.4,-3.4,-0.1,0.625,-0.272455248,9.153846154,9153846.154
198,Ryan Dunn,23,PHO,SF,63,14,1232,0.529,13.8,0.7,1.6,2.3,0.089,-2,1.1,-1,0.3,0.547945205,-0.273807451,9.108597285,9108597.285
368,Jamison Battle,24,TOR,SF,53,2,479,0.641,14,0.4,0.4,0.8,0.079,-1.7,-1.2,-3,-0.1,0.563380282,-0.274914375,9.063348416,9063348.416
334,Jonathan Kuminga,23,GSW,PF,20,13,476,0.543,23.9,-0.2,0.5,0.2,0.025,-2.5,-1.2,-3.6,-0.2,0.472222222,-0.275963829,9.018099548,9018099.548
280,Nae'Qwan Tomlin,25,CLE,PF,56,2,858,0.531,15.5,0.8,1,1.8,0.1,-2.6,0.4,-2.2,0,0.625,-0.276653504,8.972850679,8972850.679
384,Tony Bradley,28,IND,C,38,3,416,0.604,14.5,0.7,0.2,0.9,0.1,-2.4,-1.7,-4.1,-0.2,0.222222222,-0.279374472,8.92760181,8927601.81
210,Ziaire Williams,24,BRK,SF,52,10,1187,0.589,18.1,0.7,0.9,1.6,0.065,-1.9,0.2,-1.7,0.1,0.236111111,-0.286031853,8.882352941,8882352.941
241,Mouhamed Gueye,23,ATL,PF,68,7,1060,0.544,12.7,0.7,1.6,2.4,0.107,-2.7,1.2,-1.5,0.1,0.555555556,-0.29188231,8.837104072,8837104.072
219,Yves Missi,21,NOP,C,60,10,1151,0.551,12.7,1.4,1,2.4,0.101,-1.4,-0.3,-1.6,0.1,0.342465753,-0.294554471,8.791855204,8791855.204
50,Kris Dunn,31,LAC,PG,72,63,1983,0.589,12.7,1.8,1.9,3.7,0.089,-2.1,1.3,-0.8,0.6,0.5,-0.296732845,8.746606335,8746606.335
312,Lonzo Ball,28,CLE,PG,35,3,728,0.432,13.7,-0.4,1.1,0.7,0.044,-2.9,1.8,-1.1,0.2,0.625,-0.301914798,8.701357466,8701357.466
309,Jalen Pickett,26,DEN,SG,45,18,738,0.546,14.3,0.6,0.4,1,0.064,-1,-1,-2,0,0.616438356,-0.301988765,8.656108597,8656108.597
310,Jabari Walker,23,PHI,PF,59,6,735,0.557,15.1,0.8,0.7,1.5,0.1,-2.2,-0.6,-2.8,-0.2,0.541666667,-0.306100226,8.610859729,8610859.729
166,Ron Holland,20,DET,SF,67,5,1344,0.529,18.9,0,2.5,2.5,0.09,-3.2,1.3,-1.9,0,0.732394366,-0.307522028,8.56561086,8565610.86
156,Vít Krejčí,25,2TM,PG,64,8,1387,0.611,14.6,1.5,1.2,2.8,0.096,-1.5,-0.1,-1.6,0.1,,-0.312707334,8.520361991,8520361.991
191,Will Richard,23,GSW,SG,62,19,1262,0.605,13.6,1.1,1.4,2.5,0.095,-2.4,1,-1.4,0.2,0.472222222,-0.313614976,8.475113122,8475113.122
358,Rasheer Fleming,21,PHO,PF,47,0,531,0.516,15.7,0.2,0.6,0.8,0.072,-2.4,-1,-3.5,-0.2,0.547945205,-0.316763263,8.429864253,8429864.253
267,De'Anthony Melton,27,GSW,PG,41,17,933,0.523,26.5,-0.5,1.2,0.7,0.036,-2.6,0.1,-2.5,-0.1,0.472222222,-0.317812443,8.384615385,8384615.385
260,Taylor Hendricks,22,2TM,PF,53,11,983,0.575,16.1,0.5,0.7,1.2,0.06,-1,-0.9,-1.9,0,,-0.321752571,8.339366516,8339366.516
235,Coby White,25,CHI,SG,29,26,843,0.586,27.3,0.3,0.4,0.7,0.042,-1,-2.3,-3.3,-0.3,0.408450704,-0.323287983,8.294117647,8294117.647
197,Jose Alvarado,27,NOP,PG,41,0,896,0.558,15.8,0.6,0.5,1.1,0.058,-1.5,-0.5,-2,0,0.342465753,-0.324552881,8.248868778,8248868.778
163,Brook Lopez,37,LAC,C,65,30,1358,0.546,17,0.2,1.4,1.6,0.056,-1.7,0.3,-1.3,0.2,0.5,-0.325711665,8.20361991,8203619.91
160,Bennedict Mathurin,23,IND,SF,28,24,891,0.589,23.2,0.3,0.4,0.7,0.037,-1.1,-1.8,-2.9,-0.2,0.222222222,-0.325964376,8.158371041,8158371.041
286,Mike Conley,38,MIN,PG,47,9,838,0.492,11.3,0.7,0.8,1.5,0.084,-2.6,0.7,-1.9,0,0.611111111,-0.331193187,8.113122172,8113122.172
379,Bogdan Bogdanović,33,LAC,SG,21,3,429,0.507,18.4,-0.2,0.3,0.1,0.008,-2.9,-0.9,-3.9,-0.2,0.5,-0.333162773,8.067873303,8067873.303
268,Tyus Jones,29,ORL,PG,48,8,754,0.448,9.8,0.3,0.7,1,0.063,-2.7,1.1,-1.7,0.1,0.527777778,-0.337105267,8.022624434,8022624.434
200,Josh Okogie,27,HOU,SG,68,29,1223,0.553,11.3,1,1.4,2.4,0.092,-2.5,1.1,-1.4,0.2,0.605633803,-0.338060706,7.977375566,7977375.566
173,Egor Dёmin,19,BRK,PG,52,45,1308,0.561,18.8,0.2,0.7,0.9,0.034,-0.8,-0.8,-1.6,0.1,0.236111111,-0.344320928,7.932126697,7932126.697
112,P.J. Washington,27,DAL,PF,53,50,1648,0.534,20.3,-0.3,2,1.6,0.047,-1.7,0.2,-1.5,0.2,0.319444444,-0.345118468,7.886877828,7886877.828
315,Kobe Brown,26,IND,PF,18,4,425,0.624,14.9,0.3,0.2,0.5,0.052,-2.3,-2.2,-4.5,-0.3,0.222222222,-0.35428191,7.841628959,7841628.959
52,Max Christie,22,DAL,SG,67,58,1974,0.608,16.6,1.3,1.3,2.6,0.063,-0.8,-0.5,-1.4,0.3,0.319444444,-0.354444887,7.79638009,7796380.09
354,Drew Eubanks,28,SAC,C,42,11,552,0.605,16.3,0.3,0.3,0.6,0.053,-3,-0.8,-3.8,-0.2,0.260273973,-0.361156171,7.751131222,7751131.222
260,Taylor Hendricks,22,UTA,PF,33,6,492,0.574,13.6,0.3,0.1,0.4,0.037,-1.7,-1.7,-3.5,-0.2,0.291666667,-0.362285706,7.705882353,7705882.353
160,Bennedict Mathurin,23,2TM,SF,44,25,1372,0.576,25.4,0.7,0.9,1.6,0.055,-1.2,-1.6,-2.8,-0.3,,-0.3670663,7.660633484,7660633.484
371,Cam Christie,20,LAC,SG,48,0,450,0.496,16.9,-0.1,0.3,0.2,0.023,-3.3,-0.9,-4.2,-0.3,0.5,-0.368729115,7.615384615,7615384.615
303,Jaylen Clark,24,MIN,SG,61,0,761,0.53,13.2,0.5,0.9,1.4,0.087,-3.4,0.7,-2.7,-0.1,0.611111111,-0.369781517,7.570135747,7570135.747
276,Bryce McGowens,23,NOP,SG,42,13,880,0.61,14.1,1.4,0.3,1.8,0.097,-2,-0.9,-2.9,-0.2,0.342465753,-0.371026092,7.524886878,7524886.878
249,Hugo González,19,BOS,SF,66,3,1009,0.547,11.8,0.4,1.6,2,0.094,-3.4,1.6,-1.9,0,0.661971831,-0.371470392,7.479638009,7479638.009
285,Jordan Poole,26,NOP,PG,35,6,843,0.529,24.9,0,0.3,0.3,0.015,-0.9,-2.4,-3.2,-0.3,0.342465753,-0.373088025,7.43438914,7434389.14
133,Isaiah Collier,21,UTA,PG,59,19,1517,0.567,20.5,1.5,0.3,1.8,0.057,-0.6,-1.9,-2.5,-0.2,0.291666667,-0.37380895,7.389140271,7389140.271
256,Jarred Vanderbilt,26,LAL,PF,56,3,993,0.542,12.3,0.4,1.2,1.6,0.077,-2.5,0.7,-1.8,0,0.638888889,-0.375185387,7.343891403,7343891.403
340,Anthony Gill,33,WAS,PF,44,2,620,0.635,12.1,0.7,0.2,0.8,0.065,-2.2,-1.1,-3.2,-0.2,0.225352113,-0.377926863,7.298642534,7298642.534
253,Caleb Love,24,POR,SG,45,1,999,0.5,23,-0.1,0.7,0.6,0.029,-1.2,-1.6,-2.9,-0.2,0.493150685,-0.379560237,7.253393665,7253393.665
221,Jordan Clarkson,33,NYK,SG,63,1,1144,0.553,21.2,0.8,1,1.7,0.073,-1.7,-1.5,-3.2,-0.4,0.657534247,-0.380339214,7.208144796,7208144.796
300,Tyrese Martin,26,BRK,SG,37,6,696,0.507,18.7,-0.1,0.3,0.2,0.015,-1.5,-1.6,-3.1,-0.2,0.236111111,-0.382034943,7.162895928,7162895.928
323,Nick Richards,28,CHI,C,19,3,438,0.581,18.3,0,0.5,0.5,0.051,-4,-1.4,-5.4,-0.4,0.408450704,-0.382515022,7.117647059,7117647.059
348,Zeke Nnaji,25,DEN,PF,48,3,577,0.562,13.9,0.2,0.6,0.8,0.068,-3.4,-0.1,-3.5,-0.2,0.616438356,-0.382591331,7.07239819,7072398.19
92,Kyle Kuzma,30,MIL,PF,65,40,1715,0.581,21.6,1,1,2,0.056,-1,-1.3,-2.3,-0.2,0.408450704,-0.386784363,7.027149321,7027149.321
362,Dalton Knecht,24,LAL,SF,48,1,509,0.55,17.4,-0.1,0.3,0.3,0.026,-2.6,-1.7,-4.3,-0.3,0.638888889,-0.390700944,6.981900452,6981900.452
342,Gary Harris,31,MIL,SG,45,2,617,0.611,8.1,0.4,0.3,0.7,0.055,-3.4,0.7,-2.7,-0.1,0.408450704,-0.391830735,6.936651584,6936651.584
222,Kris Murray,25,POR,SF,48,15,1133,0.537,10.8,0.7,1,1.7,0.074,-2.3,0.7,-1.6,0.1,0.493150685,-0.392813641,6.891402715,6891402.715
223,Svi Mykhailiuk,28,UTA,SF,48,41,1123,0.623,14.3,1.3,-0.2,1.1,0.048,0,-2,-1.9,0,0.291666667,-0.396505941,6.846153846,6846153.846
248,Jared McCain,21,PHI,SG,37,1,620,0.506,18.5,-0.2,0.5,0.3,0.023,-3,-0.8,-3.7,-0.3,0.541666667,-0.404748364,6.800904977,6800904.977
195,Keon Ellis,26,SAC,SG,43,5,758,0.536,13.7,0,0.4,0.4,0.024,-2.9,0.8,-2,0,0.260273973,-0.41133212,6.755656109,6755656.109
204,Nicolas Batum,37,LAC,PF,66,6,1210,0.597,9.5,0.4,1.1,1.5,0.06,-1.9,0.6,-1.3,0.2,0.5,-0.416412715,6.71040724,6710407.24
214,De'Andre Hunter,28,CLE,SF,43,23,1125,0.553,22.9,0.4,1,1.4,0.059,-2.1,-1.3,-3.4,-0.4,0.625,-0.417550383,6.665158371,6665158.371
331,Carter Bryant,20,SAS,PF,61,0,660,0.5,17,-0.2,1,0.8,0.057,-3.7,-0.2,-3.9,-0.3,0.75,-0.418931929,6.619909502,6619909.502
366,Sharife Cooper,24,WAS,PG,30,1,483,0.57,19.1,0.1,0,0.1,0.01,-2.5,-2.8,-5.3,-0.4,0.225352113,-0.427112611,6.574660633,6574660.633
209,Danny Wolf,21,BRK,PF,57,15,1187,0.521,20.6,-0.1,1,0.9,0.035,-2.2,-0.3,-2.5,-0.2,0.236111111,-0.427161974,6.529411765,6529411.765
315,Kobe Brown,26,2TM,PF,52,4,720,0.581,15.6,0.4,0.4,0.8,0.053,-1.9,-1.8,-3.6,-0.3,,-0.427586786,6.484162896,6484162.896
135,Dennis Schröder,32,2TM,PG,61,16,1509,0.524,21.4,0.5,0.6,1,0.033,-0.9,-1.4,-2.4,-0.1,,-0.429327482,6.438914027,6438914.027
374,Elijah Harkless,25,UTA,SG,23,6,447,0.5,16.2,0,0.2,0.2,0.023,-4.6,-0.5,-5.1,-0.3,0.291666667,-0.430761108,6.393665158,6393665.158
232,Kentavious Caldwell-Pope,32,MEM,SG,51,14,1088,0.533,17.6,0.2,0.7,0.9,0.041,-2.3,-0.2,-2.5,-0.1,0.338028169,-0.435801862,6.34841629,6348416.29
251,Gradey Dick,22,TOR,SG,66,1,1002,0.546,18.2,0.3,1.2,1.5,0.07,-3,-0.3,-3.3,-0.3,0.563380282,-0.435976448,6.303167421,6303167.421
281,Caleb Martin,30,DAL,SF,58,12,856,0.526,12.6,0,0.9,0.9,0.051,-4,1.7,-2.2,0,0.319444444,-0.43972811,6.257918552,6257918.552
359,Cole Anthony,25,MIL,PG,35,0,527,0.483,25.8,-0.9,0.4,-0.4,-0.041,-3.9,-0.9,-4.8,-0.4,0.408450704,-0.441088931,6.212669683,6212669.683
203,Walter Clayton,22,UTA,PG,45,0,811,0.54,17.3,0.3,0.1,0.4,0.022,-1.8,-1.4,-3.2,-0.2,0.291666667,-0.442373124,6.167420814,6167420.814
5,Toumani Camara,25,POR,PF,73,73,2427,0.571,16.2,1.5,2.1,3.5,0.07,-1.3,-0.3,-1.6,0.3,0.493150685,-0.442884503,6.122171946,6122171.946
383,Ethan Thompson,26,IND,SG,24,6,417,0.482,14.6,-0.2,0.2,0,-0.001,-4.5,-0.2,-4.8,-0.3,0.222222222,-0.444654189,6.076923077,6076923.077
298,Keegan Murray,25,SAC,PF,23,22,793,0.499,18.7,-0.2,0.4,0.2,0.009,-2.1,-1.1,-3.2,-0.2,0.260273973,-0.444734603,6.031674208,6031674.208
275,Cam Thomas,24,BRK,SG,24,8,582,0.527,30.2,-0.2,0,-0.2,-0.018,-0.8,-4.3,-5.1,-0.4,0.236111111,-0.451230641,5.986425339,5986425.339
230,Adem Bona,22,PHI,C,62,14,1097,0.624,11.2,1.2,1.3,2.5,0.109,-3.2,0.4,-2.9,-0.2,0.541666667,-0.454393339,5.941176471,5941176.471
305,Jamir Watkins,24,WAS,SG,39,5,756,0.545,13.9,0.4,0.4,0.8,0.052,-3.1,0,-3.2,-0.2,0.225352113,-0.45679168,5.895927602,5895927.602
300,Tyrese Martin,26,2TM,SG,45,6,775,0.501,18.4,-0.3,0.4,0.1,0.008,-1.9,-1.4,-3.3,-0.3,,-0.456910288,5.850678733,5850678.733
296,Nikola Jović,22,MIA,PF,46,1,795,0.481,21.3,-0.9,1,0.1,0.007,-3.5,0.1,-3.3,-0.3,0.527777778,-0.4571092,5.805429864,5805429.864
172,Bilal Coulibaly,21,WAS,SG,49,49,1315,0.531,18.9,0.1,0.8,0.9,0.033,-2.1,-0.2,-2.3,-0.1,0.225352113,-0.461694418,5.760180995,5760180.995
161,Zaccharie Risacher,20,ATL,SF,58,45,1370,0.554,17.8,0.3,1.6,1.9,0.067,-2.3,-0.3,-2.6,-0.2,0.555555556,-0.462590614,5.714932127,5714932.127
103,Maxime Raynaud,22,SAC,C,65,47,1675,0.611,18.1,2,0.8,2.8,0.081,-1.3,-1.6,-2.9,-0.4,0.260273973,-0.465973311,5.669683258,5669683.258
130,Brice Sensabaugh,22,UTA,SF,67,15,1528,0.582,24.6,0.8,0.1,0.9,0.03,0,-3.1,-3,-0.4,0.291666667,-0.473700124,5.624434389,5624434.389
203,Walter Clayton,22,MEM,PG,16,4,401,0.465,19.7,-0.4,0.3,-0.1,-0.014,-4.2,-2.4,-6.6,-0.5,0.338028169,-0.475734316,5.57918552,5579185.52
304,Jaden Hardy,23,2TM,SG,50,4,757,0.568,24.2,-0.2,0.2,-0.1,-0.004,-1.4,-2.9,-4.4,-0.5,,-0.484805037,5.533936652,5533936.652
268,Tyus Jones,29,3TM,PG,63,10,931,0.443,10.5,0.2,0.7,1,0.05,-2.9,0.5,-2.4,-0.1,,-0.486543401,5.488687783,5488687.783
347,Daeqwon Plowden,27,SAC,SG,23,3,581,0.548,16,0.3,0.1,0.4,0.033,-2.8,-2.2,-5.1,-0.5,0.260273973,-0.494658245,5.443438914,5443438.914
336,Johnny Furphy,21,IND,SG,35,21,643,0.547,12.8,0,0.5,0.5,0.034,-3.9,0,-3.8,-0.3,0.222222222,-0.49967233,5.398190045,5398190.045
158,Spencer Jones,24,DEN,SF,61,36,1377,0.622,9.8,1.5,1.1,2.6,0.09,-2.4,0,-2.4,-0.1,0.616438356,-0.505981938,5.352941176,5352941.176
185,Khris Middleton,34,WAS,SF,34,34,827,0.531,19.6,0.1,0.1,0.2,0.011,-2.6,-1.4,-4,-0.4,0.225352113,-0.513806379,5.307692308,5307692.308
252,Jericho Sims,27,MIL,C,56,12,1000,0.819,8.7,1.6,0.6,2.1,0.103,-2.7,-0.9,-3.6,-0.4,0.408450704,-0.516720648,5.262443439,5262443.439
100,Rui Hachimura,27,LAL,PF,59,35,1684,0.617,14.8,1.7,0.9,2.6,0.073,-0.9,-1.5,-2.4,-0.2,0.638888889,-0.524351167,5.21719457,5217194.57
117,Draymond Green,35,GSW,PF,59,59,1611,0.533,16.6,-0.6,1.9,1.3,0.038,-2.6,0.9,-1.7,0.1,0.472222222,-0.528141107,5.171945701,5171945.701
335,Tre Mann,24,CHO,PG,47,1,645,0.464,23.1,-0.7,0.7,0,-0.003,-4.3,-0.9,-5.2,-0.5,0.527777778,-0.530144973,5.126696833,5126696.833
306,Gabe Vincent,29,LAL,PG,29,7,559,0.512,11.5,0.1,0.2,0.3,0.026,-3.9,-1,-4.9,-0.4,0.638888889,-0.536309854,5.081447964,5081447.964
214,De'Andre Hunter,28,2TM,SF,45,25,1176,0.545,22.8,0.1,1,1.1,0.047,-2.5,-1.5,-3.9,-0.6,,-0.537336513,5.036199095,5036199.095
372,Jahmai Mashack,23,MEM,SG,24,3,449,0.446,14.5,-0.5,0.4,-0.1,-0.009,-5.8,0,-5.8,-0.4,0.338028169,-0.54779089,4.988687783,4988687.783
345,Dorian Finney-Smith,32,HOU,PF,34,1,584,0.435,10.4,-0.2,0.5,0.4,0.031,-4.7,0,-4.7,-0.4,0.605633803,-0.552820841,4.932126697,4932126.697
127,Jamal Shead,23,TOR,PG,71,8,1565,0.483,15.7,0.5,1.6,2.1,0.064,-2.4,0,-2.5,-0.2,0.563380282,-0.56538861,4.875565611,4875565.611
110,Sion James,23,CHO,SG,72,19,1652,0.549,10.6,1.1,1.6,2.7,0.08,-3,0.9,-2.1,0,0.527777778,-0.57056822,4.819004525,4819004.525
271,Ochai Agbaji,25,TOR,SG,42,13,650,0.495,13.3,0,0.6,0.6,0.046,-4.8,-0.1,-4.9,-0.5,0.563380282,-0.574134947,4.762443439,4762443.439
370,Kam Jones,23,IND,SG,30,7,463,0.486,14.1,-0.2,0.1,0,-0.002,-4.5,-2,-6.4,-0.5,0.222222222,-0.579719119,4.705882353,4705882.353
190,Aaron Nesmith,26,IND,SF,43,40,1267,0.546,19.7,0.2,0.5,0.7,0.026,-1.7,-1.8,-3.5,-0.5,0.222222222,-0.595918288,4.649321267,4649321.267
264,Ryan Nembhard,22,DAL,PG,51,21,956,0.497,17.5,0.1,0.5,0.6,0.029,-2.4,-1.8,-4.2,-0.5,0.319444444,-0.597277333,4.592760181,4592760.181
323,Nick Richards,28,2TM,C,47,5,692,0.565,18.3,-0.2,0.8,0.7,0.046,-4.8,-1.2,-5.9,-0.7,,-0.597289915,4.536199095,4536199.095
329,Jalen Wilson,25,BRK,PF,46,1,669,0.539,17.1,-0.1,0.3,0.2,0.013,-3.5,-1.9,-5.5,-0.6,0.236111111,-0.600398224,4.479638009,4479638.009
273,Rayan Rupert,21,POR,SG,48,0,577,0.447,12.7,-0.5,0.6,0.1,0.009,-5.8,0.7,-5.1,-0.5,0.493150685,-0.60800442,4.423076923,4423076.923
71,Jaylen Wells,22,MEM,SG,69,69,1821,0.559,19.3,1,0.9,1.9,0.051,-1.8,-1.3,-3.1,-0.5,0.338028169,-0.627626257,4.366515837,4366515.837
271,Ochai Agbaji,25,2TM,SG,58,13,900,0.526,14.2,0,0.8,0.8,0.043,-3.6,-0.4,-4,-0.5,,-0.628556181,4.309954751,4309954.751
91,Marcus Smart,31,LAL,SG,60,53,1725,0.547,15.3,0.5,1.5,1.9,0.054,-2.8,0.5,-2.4,-0.2,0.638888889,-0.643518175,4.253393665,4253393.665
275,Cam Thomas,24,2TM,SG,42,8,881,0.53,30.3,-0.5,0.1,-0.4,-0.021,-1.2,-4,-5.2,-0.7,,-0.645017258,4.196832579,4196832.579
306,Gabe Vincent,29,2TM,PG,44,7,755,0.498,12.2,0.1,0.3,0.5,0.029,-3.9,-0.9,-4.9,-0.6,,-0.663037958,4.140271493,4140271.493
185,Khris Middleton,34,2TM,SF,54,44,1278,0.538,20.6,0,0.5,0.5,0.019,-2.5,-1.4,-3.9,-0.6,,-0.666560316,4.083710407,4083710.407
179,Ben Sheppard,24,IND,SG,60,19,1285,0.556,13.7,0.7,0.5,1.2,0.045,-2.5,-0.7,-3.2,-0.4,0.222222222,-0.679155167,4.027149321,4027149.321
361,Jordan Hawkins,23,NOP,SG,43,0,517,0.429,17.2,-0.8,0.1,-0.6,-0.058,-4.5,-3.1,-7.6,-0.7,0.342465753,-0.67924184,3.970588235,3970588.235
76,Bruce Brown,29,DEN,SG,73,2,1796,0.556,14.2,0.9,1.5,2.5,0.066,-2.6,0,-2.5,-0.3,0.616438356,-0.683923708,3.914027149,3914027.149
202,Kobe Sanders,23,LAC,SG,59,16,1217,0.582,15.9,0.1,0.8,0.9,0.035,-3.1,-0.5,-3.6,-0.5,0.5,-0.68875603,3.857466063,3857466.063
96,Noah Clowney,21,BRK,PF,62,56,1695,0.556,20.3,0.1,1,1.2,0.033,-2,-1.3,-3.3,-0.6,0.236111111,-0.69110919,3.800904977,3800904.977
320,Micah Peavy,24,NOP,SG,52,1,706,0.435,14.8,-0.2,0.4,0.1,0.01,-4.6,-1,-5.6,-0.6,0.342465753,-0.695688329,3.744343891,3744343.891
114,Luguentz Dort,26,OKC,SF,59,59,1634,0.507,14.1,-0.3,2.7,2.4,0.07,-3.3,0.6,-2.7,-0.3,0.791666667,-0.710298349,3.687782805,3687782.805
146,Terance Mann,29,BRK,SG,59,48,1439,0.561,13.6,1.2,0.5,1.7,0.058,-2.6,-0.8,-3.4,-0.5,0.236111111,-0.722950862,3.631221719,3631221.719
142,Herbert Jones,27,NOP,SF,50,50,1456,0.496,15.1,-0.2,1.1,0.9,0.031,-3.6,0.8,-2.8,-0.3,0.342465753,-0.726986199,3.574660633,3574660.633
70,Jarace Walker,22,IND,PF,71,36,1832,0.543,20.5,-0.9,1.3,0.4,0.012,-1.9,-0.9,-2.8,-0.4,0.222222222,-0.730597253,3.518099548,3518099.548
318,Rob Dillingham,21,2TM,PG,54,0,717,0.447,22.6,-1.4,0.8,-0.6,-0.041,-6.4,-0.2,-6.6,-0.8,,-0.749958177,3.461538462,3461538.462
203,Walter Clayton,22,2TM,PG,61,4,1212,0.514,18.1,-0.1,0.3,0.3,0.01,-2.6,-1.7,-4.3,-0.7,,-0.765525191,3.404977376,3404977.376
95,Ace Bailey,19,UTA,SF,63,52,1705,0.545,20.9,0.3,0.3,0.6,0.016,-1.3,-2.4,-3.7,-0.7,0.291666667,-0.767028905,3.34841629,3348416.29
73,Jeremiah Fears,19,NOP,PG,73,44,1812,0.518,25,-1.3,1.3,0,0,-2.1,-1.3,-3.4,-0.6,0.342465753,-0.806855393,3.291855204,3291855.204
165,Tre Johnson,19,WAS,SG,56,38,1348,0.542,22.5,-0.4,-0.1,-0.4,-0.015,-1.7,-2.8,-4.5,-0.8,0.225352113,-0.819445821,3.235294118,3235294.118
330,Ben Saraf,19,BRK,SG,35,6,663,0.473,20.3,-1.3,0.4,-0.9,-0.067,-6.3,-1.6,-7.9,-1,0.236111111,-0.826370512,3.178733032,3178733.032
178,Will Riley,19,WAS,SF,63,12,1285,0.547,19.2,0.3,-0.1,0.2,0.007,-2.1,-2.7,-4.8,-0.9,0.225352113,-0.827862276,3.122171946,3122171.946
206,Patrick Williams,24,CHI,PF,61,4,1199,0.506,16.6,-0.8,0.8,0,0.001,-3.2,-1.1,-4.3,-0.7,0.408450704,-0.845327941,3.06561086,3065610.86
273,Rayan Rupert,21,2TM,SG,59,4,896,0.484,13.4,-0.5,0.9,0.4,0.021,-5.5,0,-5.5,-0.8,,-0.849334375,3.009049774,3009049.774
139,Isaac Okoro,25,CHI,SG,55,55,1480,0.565,13.6,1.1,0.6,1.7,0.057,-3.2,-1,-4.2,-0.8,0.408450704,-0.873667736,2.952488688,2952488.688
164,Sidy Cissoko,21,POR,SF,66,26,1355,0.521,12.7,0.1,1.1,1.2,0.043,-4.4,0.4,-4,-0.7,0.493150685,-0.881921555,2.895927602,2895927.602
61,A.J. Green,26,MIL,SG,67,60,1904,0.616,13.5,1.4,0.4,1.7,0.044,-2,-1.7,-3.7,-0.8,0.408450704,-0.97508494,2.839366516,2839366.516
194,Gary Trent Jr.,27,MIL,SG,59,17,1246,0.531,16.3,-0.1,0.2,0.1,0.003,-3.1,-2.2,-5.3,-1,0.408450704,-0.978471115,2.78280543,2782805.43
184,Cody Williams,21,UTA,SG,57,31,1278,0.538,14.4,0.2,0.1,0.4,0.013,-3.3,-1.8,-5.1,-1,0.291666667,-1.008386956,2.726244344,2726244.344
239,Drake Powell,20,BRK,SG,54,16,1063,0.535,14.6,-0.3,0.3,0,0.002,-4.6,-1.5,-6,-1.1,0.236111111,-1.024355488,2.669683258,2669683.258
234,Nolan Traoré,19,BRK,PG,49,26,1082,0.471,21.7,-1.9,0.5,-1.4,-0.064,-4.9,-2.2,-7.1,-1.4,0.236111111,-1.091838167,2.613122172,2613122.172
120,Nique Clifford,23,SAC,SG,67,21,1600,0.496,16.3,-1,0.6,-0.4,-0.012,-3.9,-0.9,-4.8,-1.1,0.260273973,-1.197956698,2.556561086,2556561.086
54,Bub Carrington,20,WAS,PG,71,37,1967,0.547,17.4,-0.3,0,-0.3,-0.008,-2.4,-2.2,-4.6,-1.3,0.225352113,-1.264321811,2.5,2500000
